Cust_id,Customer_Name,City,State,Customer_Segment,count_order_id,fraud_flag
Cust_100,"CHARLOTTE MELTON",Mumbai,Maharashtra,"HOME OFFICE",5,NORMAL
Cust_1000,"JANE WACO",Mysore,Karnataka,CORPORATE,4,NORMAL
Cust_1001,"SANDRA FLANAGAN",Mysore,Karnataka,"HOME OFFICE",6,FRAUD
Cust_1002,"STEVE NGUYEN",Mysore,Karnataka,CONSUMER,6,FRAUD
Cust_1003,"HERBERT FLENTYE",Mysore,Karnataka,"SMALL BUSINESS",3,NORMAL
Cust_1005,"LIZ WILLINGHAM",Mysore,Karnataka,"HOME OFFICE",3,FRAUD
Cust_1006,"XYLONA PRICE",Mysore,Karnataka,CORPORATE,7,NORMAL
Cust_1007,"JOHN LUCAS",Mysore,Karnataka,"SMALL BUSINESS",9,FRAUD
Cust_1008,"BILL OVERFELT",Mysore,Karnataka,CORPORATE,7,NORMAL
Cust_101,"BARRY FRENCH",Mumbai,Maharashtra,CONSUMER,2,NORMAL
Cust_1010,"ROBERT MARLEY",Mysore,Karnataka,CORPORATE,7,NORMAL
Cust_1011,"MICK HERNANDEZ",Mysore,Karnataka,"HOME OFFICE",3,NORMAL
Cust_1012,"GUY PHONELY",Mysore,Karnataka,CORPORATE,7,NORMAL
Cust_1013,"JAY KIMMEL",Mysore,Karnataka,"SMALL BUSINESS",3,NORMAL
Cust_1014,"MATT CONNELL",Mysore,Karnataka,CORPORATE,7,NORMAL
Cust_1015,"STEVE NGUYEN",Mysore,Karnataka,"SMALL BUSINESS",7,FRAUD
Cust_1016,"VIVEK GRADY",Mysore,Karnataka,"HOME OFFICE",8,FRAUD
Cust_1017,"BEN FERRER",Mysore,Karnataka,CORPORATE,5,NORMAL
Cust_1018,"KAREN DANIELS",Mysore,Karnataka,CONSUMER,4,NORMAL
Cust_1019,"PAMELA COAKLEY",Mysore,Karnataka,CORPORATE,2,NORMAL
Cust_1020,"KATHERINE NOCKTON",Mysore,Karnataka,"HOME OFFICE",4,FRAUD
Cust_1021,"DENNY BLANTON",Mysore,Karnataka,"HOME OFFICE",4,NORMAL
Cust_1022,"KATHERINE NOCKTON",Mysore,Karnataka,CORPORATE,5,FRAUD
Cust_1023,"KEAN NGUYEN",Mysore,Karnataka,"SMALL BUSINESS",4,FRAUD
Cust_1024,"LAURA ARMSTRONG",Mysore,Karnataka,"SMALL BUSINESS",6,FRAUD
Cust_1025,"VIVEK GRADY",Mysore,Karnataka,CORPORATE,4,FRAUD
Cust_1026,"LINDSAY SHAGIARI",Mysore,Karnataka,"HOME OFFICE",5,NORMAL
Cust_1027,"CATHY PRESCOTT",Mysore,Karnataka,CORPORATE,3,NORMAL
Cust_1029,"STEPHANIE ULPRIGHT",Mysore,Karnataka,CONSUMER,5,NORMAL
Cust_103,"ROY SKARIA",Mumbai,Maharashtra,CORPORATE,4,NORMAL
Cust_1030,"ODELLA NELSON",Mysore,Karnataka,"SMALL BUSINESS",9,NORMAL
Cust_1033,"RYAN AKIN",Mysore,Karnataka,CONSUMER,3,NORMAL
Cust_1034,"SCOTT COHEN",Mysore,Karnataka,CONSUMER,3,NORMAL
Cust_1035,"TODD SUMRALL",Mysore,Karnataka,CONSUMER,2,NORMAL
Cust_1036,"ALEJANDRO GROVE",Mysore,Karnataka,CONSUMER,3,FRAUD
Cust_1037,"TONY CHAPMAN",Mysore,Karnataka,CONSUMER,2,NORMAL
Cust_1038,"JOHN CASTELL",Mysore,Karnataka,"SMALL BUSINESS",4,FRAUD
Cust_1039,"SARAH FOSTER",Mysore,Karnataka,CORPORATE,2,NORMAL
Cust_104,"JEREMY LONSDALE",Mumbai,Maharashtra,CORPORATE,2,NORMAL
Cust_1041,"JOHN CASTELL",Mysore,Karnataka,CONSUMER,3,FRAUD
Cust_1042,"GREG HANSEN",Mysore,Karnataka,"HOME OFFICE",2,NORMAL
Cust_1043,"DARRIN MARTIN",Mysore,Karnataka,"SMALL BUSINESS",3,NORMAL
Cust_1044,"KEN BRENNAN",Mysore,Karnataka,CONSUMER,3,FRAUD
Cust_1045,"MAX JONES",Mysore,Karnataka,"HOME OFFICE",10,NORMAL
Cust_1046,"KEN BRENNAN",Mysore,Karnataka,"HOME OFFICE",4,FRAUD
Cust_1047,"JOE KAMBEROVA",Mysore,Karnataka,"SMALL BUSINESS",2,NORMAL
Cust_105,"CARLOS DALY",Mumbai,Maharashtra,CORPORATE,5,FRAUD
Cust_1050,"MAUREEN FRITZLER",Mysore,Karnataka,CORPORATE,6,NORMAL
Cust_1051,"DENNIS BOLTON",Mysore,Karnataka,"SMALL BUSINESS",3,NORMAL
Cust_1052,"ART FOSTER",Mysore,Karnataka,"HOME OFFICE",4,NORMAL
Cust_1053,"ERICA HACKNEY",Mysore,Karnataka,"SMALL BUSINESS",3,NORMAL
Cust_1054,"DON WEISS",Mysore,Karnataka,CORPORATE,4,NORMAL
Cust_1055,"JESSICA MYRICK",Mysore,Karnataka,"SMALL BUSINESS",5,NORMAL
Cust_1057,"JENNA CAFFEY",Mysore,Karnataka,CONSUMER,5,NORMAL
Cust_1058,"KALYCA MEADE",Mysore,Karnataka,CORPORATE,4,NORMAL
Cust_1059,"TROY BLACKWELL",Mysore,Karnataka,"HOME OFFICE",3,NORMAL
Cust_106,"CINDY SCHNELLING",Mumbai,Maharashtra,CORPORATE,4,NORMAL
Cust_1060,"CLYTIE KELTY",Mysore,Karnataka,"SMALL BUSINESS",8,NORMAL
Cust_1062,"JIM SINK",Mysore,Karnataka,CORPORATE,5,NORMAL
Cust_1063,"STEVEN ROELLE",Mysore,Karnataka,"SMALL BUSINESS",3,NORMAL
Cust_1064,"FRED WASSERMAN",Mysore,Karnataka,"HOME OFFICE",2,NORMAL
Cust_1065,"BETH THOMPSON",Mysore,Karnataka,CORPORATE,2,NORMAL
Cust_1066,"PETE TAKAHITO",Mysore,Karnataka,CORPORATE,3,NORMAL
Cust_1067,"ROB HABERLIN",Mysore,Karnataka,CONSUMER,4,FRAUD
Cust_1068,"ROB HABERLIN",Mysore,Karnataka,CORPORATE,2,FRAUD
Cust_107,"SUSAN VITTORINI",Mumbai,Maharashtra,CORPORATE,3,FRAUD
Cust_1070,"KATRINA WILLMAN",Mysore,Karnataka,CONSUMER,4,NORMAL
Cust_1071,"BENJAMIN PATTERSON",Mysore,Karnataka,CORPORATE,4,NORMAL
Cust_1072,"MARK COUSINS",Mysore,Karnataka,CORPORATE,4,FRAUD
Cust_1074,"DENNY JOY",Mysore,Karnataka,CORPORATE,2,NORMAL
Cust_1075,"HALLIE REDMOND",Mysore,Karnataka,"SMALL BUSINESS",2,FRAUD
Cust_1079,"BENJAMIN VENIER",Mysore,Karnataka,"SMALL BUSINESS",3,NORMAL
Cust_1080,"KATHERINE MURRAY",Mysore,Karnataka,"HOME OFFICE",2,NORMAL
Cust_1081,"ALAN SCHOENBERGER",Mysore,Karnataka,CORPORATE,2,NORMAL
Cust_1084,"KARL BROWN",Mysore,Karnataka,CORPORATE,2,FRAUD
Cust_1087,"DAVE POIRIER",Mysore,Karnataka,"SMALL BUSINESS",2,NORMAL
Cust_109,"JULIA WEST",Mumbai,Maharashtra,CONSUMER,2,FRAUD
Cust_1096,"RAYMOND FAIR",Mysore,Karnataka,"SMALL BUSINESS",3,NORMAL
Cust_1098,"FRED MCMATH",Mysore,Karnataka,"SMALL BUSINESS",2,NORMAL
Cust_110,"SUSAN VITTORINI",Mumbai,Maharashtra,"HOME OFFICE",5,FRAUD
Cust_1100,"TROY STAEBEL",Mysore,Karnataka,"SMALL BUSINESS",3,NORMAL
Cust_1102,"CHRIS CORTES",Mysore,Karnataka,CONSUMER,2,NORMAL
Cust_1111,"MICHAEL KENNEDY",Mysore,Karnataka,CORPORATE,2,NORMAL
Cust_1117,"PIERRE WENER",Mysore,Karnataka,"HOME OFFICE",3,NORMAL
Cust_112,"NEOLA SCHNEIDER",Mumbai,Maharashtra,"HOME OFFICE",2,NORMAL
Cust_1130,"GRANT DONATELLI",Mysore,Karnataka,CONSUMER,3,NORMAL
Cust_1131,"JASON FORTUNE",Mysore,Karnataka,CORPORATE,3,NORMAL
Cust_1132,"DAVE BROOKS",Mysore,Karnataka,CORPORATE,3,NORMAL
Cust_1133,"JIM KARLSSON",Mysore,Karnataka,"SMALL BUSINESS",2,NORMAL
Cust_1134,"PHILIP FOX",Mysore,Karnataka,"HOME OFFICE",3,NORMAL
Cust_1135,"GRANT CARROLL",Mysore,Karnataka,CORPORATE,3,FRAUD
Cust_1137,"IONIA MCGRATH",Hyderabad,Telangana,"HOME OFFICE",7,FRAUD
Cust_1138,"LORI OLSON",Hyderabad,Telangana,CONSUMER,4,NORMAL
Cust_1139,"QUINCY JONES",Hyderabad,Telangana,"HOME OFFICE",2,FRAUD
Cust_1140,"PATRICK JONES",Hyderabad,Telangana,"HOME OFFICE",17,NORMAL
Cust_1141,"IONIA MCGRATH",Hyderabad,Telangana,"SMALL BUSINESS",4,FRAUD
Cust_1142,"NATHAN MAUTZ",Hyderabad,Telangana,CORPORATE,7,FRAUD
Cust_1143,"NATHAN MAUTZ",Hyderabad,Telangana,"HOME OFFICE",6,FRAUD
Cust_1144,"KAREN SEIO",Hyderabad,Telangana,CONSUMER,6,NORMAL
Cust_1146,"PATRICK GARDNER",Hyderabad,Telangana,CONSUMER,5,NORMAL
Cust_1147,"QUINCY JONES",Hyderabad,Telangana,CORPORATE,2,FRAUD
Cust_1148,"NONA BALK",Hyderabad,Telangana,CORPORATE,4,NORMAL
Cust_1149,"ERIN MULL",Hyderabad,Telangana,"SMALL BUSINESS",6,FRAUD
Cust_115,"RALPH ARNETT",Mumbai,Maharashtra,CONSUMER,2,NORMAL
Cust_1150,"JOHN LEE",Hyderabad,Telangana,CORPORATE,3,NORMAL
Cust_1151,"EMILY PHAN",Hyderabad,Telangana,CONSUMER,5,NORMAL
Cust_1152,"ERIN MULL",Hyderabad,Telangana,CORPORATE,2,FRAUD
Cust_1153,"JUSTIN DEGGELLER",Hyderabad,Telangana,CORPORATE,2,NORMAL
Cust_1154,"TONY SAYRE",Hyderabad,Telangana,"HOME OFFICE",3,NORMAL
Cust_1155,"KEITH DAWKINS",Cochin,Kerala,"HOME OFFICE",13,NORMAL
Cust_1156,"JOE ELIJAH",Cochin,Kerala,"HOME OFFICE",6,NORMAL
Cust_1158,"STEFANIE HOLLOMAN",Cochin,Kerala,"SMALL BUSINESS",2,NORMAL
Cust_1159,"KEN BLACK",Cochin,Kerala,CONSUMER,4,NORMAL
Cust_1160,"LINDSAY WILLIAMS",Cochin,Kerala,CORPORATE,3,NORMAL
Cust_1161,"LOGAN CURRIE",Cochin,Kerala,"SMALL BUSINESS",3,NORMAL
Cust_1162,"STEVE CHAPMAN",Cochin,Kerala,CORPORATE,8,NORMAL
Cust_1163,"MARC CRIER",Cochin,Kerala,CORPORATE,9,FRAUD
Cust_1164,"DAVE BROOKS",Cochin,Kerala,CORPORATE,2,NORMAL
Cust_1165,"DEBORAH BRUMFIELD",Cochin,Kerala,CORPORATE,3,FRAUD
Cust_1166,"SCOT WOOTEN",Cochin,Kerala,CORPORATE,3,NORMAL
Cust_1168,"JOHN LEE",Cochin,Kerala,CORPORATE,9,NORMAL
Cust_1169,"DENISE MONTON",Cochin,Kerala,"HOME OFFICE",5,NORMAL
Cust_117,"GRANT CARROLL",Coimbatore,"Tamil Nadu","SMALL BUSINESS",2,NORMAL
Cust_1170,"DEBORAH BRUMFIELD",Cochin,Kerala,"SMALL BUSINESS",2,FRAUD
Cust_1171,"MARC CRIER",Cochin,Kerala,CONSUMER,4,FRAUD
Cust_1172,"CYNTHIA DELANEY",Cochin,Kerala,CORPORATE,2,NORMAL
Cust_1173,"ED BRAXTON",Cochin,Kerala,"HOME OFFICE",6,FRAUD
Cust_1175,"PHILLIP FLATHMANN",Cochin,Kerala,"SMALL BUSINESS",4,NORMAL
Cust_1177,"VALERIE TAKAHITO",Cochin,Kerala,CONSUMER,6,NORMAL
Cust_1178,"PENELOPE SEWALL",Cochin,Kerala,"HOME OFFICE",5,NORMAL
Cust_1179,"SEAN BRAXTON",Cochin,Kerala,"SMALL BUSINESS",6,NORMAL
Cust_1180,"VALERIE DOMINGUEZ",Cochin,Kerala,CORPORATE,7,NORMAL
Cust_1181,"SUSAN MACKENDRICK",Cochin,Kerala,CORPORATE,3,NORMAL
Cust_1182,"THAIS SISSMAN",Cochin,Kerala,CORPORATE,5,FRAUD
Cust_1183,"TANJA NORVELL",Cochin,Kerala,CONSUMER,7,FRAUD
Cust_1184,"LINDA SOUTHWORTH",Cochin,Kerala,CONSUMER,10,NORMAL
Cust_1185,"MICHAEL MOORE",Cochin,Kerala,CORPORATE,5,NORMAL
Cust_1187,"TROY BLACKWELL",Cochin,Kerala,"HOME OFFICE",6,NORMAL
Cust_1188,"THAIS SISSMAN",Cochin,Kerala,"SMALL BUSINESS",7,FRAUD
Cust_1189,"ROSS BAIRD",Cochin,Kerala,CORPORATE,4,NORMAL
Cust_1190,"TRACY ZIC",Cochin,Kerala,CONSUMER,4,NORMAL
Cust_1191,"JACK GARZA",Cochin,Kerala,CORPORATE,5,NORMAL
Cust_1192,"GARY MCGARR",Cochin,Kerala,"HOME OFFICE",4,NORMAL
Cust_1193,"MICK CREBAGGA",Cochin,Kerala,"HOME OFFICE",8,FRAUD
Cust_1194,"ROY SKARIA",Cochin,Kerala,CORPORATE,8,NORMAL
Cust_1195,"STEVEN WARD",Cochin,Kerala,CONSUMER,7,NORMAL
Cust_1196,"TANJA NORVELL",Cochin,Kerala,CORPORATE,8,FRAUD
Cust_1197,"RYAN CROWE",Cochin,Kerala,"SMALL BUSINESS",6,NORMAL
Cust_1198,"IRENE MADDOX",Cochin,Kerala,CONSUMER,4,NORMAL
Cust_1199,"NICK RADFORD",Cochin,Kerala,CORPORATE,5,NORMAL
Cust_1200,"THERESA SWINT",Cochin,Kerala,CONSUMER,4,FRAUD
Cust_1201,"MAURICE SATTY",Cochin,Kerala,CORPORATE,4,NORMAL
Cust_1202,"HENRY GOLDWYN",Cochin,Kerala,"SMALL BUSINESS",3,NORMAL
Cust_1203,"VICTOR PRICE",Cochin,Kerala,CONSUMER,5,NORMAL
Cust_1205,"ERIC HOFFMANN",Cochin,Kerala,"SMALL BUSINESS",4,NORMAL
Cust_1206,"JILL STEVENSON",Cochin,Kerala,CONSUMER,5,NORMAL
Cust_1207,"EVAN BAILLIET",Cochin,Kerala,CORPORATE,6,NORMAL
Cust_1208,"MEG TILLMAN",Cochin,Kerala,"SMALL BUSINESS",4,NORMAL
Cust_1209,"RUSSELL D'ASCENZO",Cochin,Kerala,CONSUMER,4,NORMAL
Cust_121,"SYLVIA FOULSTON",Coimbatore,"Tamil Nadu",CORPORATE,2,NORMAL
Cust_1210,"GARY HWANG",Cochin,Kerala,"HOME OFFICE",11,NORMAL
Cust_1211,"JOSEPH AIRDO",Cochin,Kerala,CONSUMER,4,FRAUD
Cust_1212,"EMILY DUCICH",Cochin,Kerala,CONSUMER,2,NORMAL
Cust_1214,"STEVEN CARTWRIGHT",Cochin,Kerala,"HOME OFFICE",4,NORMAL
Cust_1215,"SUE ANN REED",Cochin,Kerala,CONSUMER,4,NORMAL
Cust_1216,"SANJIT ENGLE",Cochin,Kerala,"HOME OFFICE",3,NORMAL
Cust_1217,"KATHERINE DUCICH",Cochin,Kerala,CORPORATE,3,NORMAL
Cust_1218,"MIKE GOCKENBACH",Cochin,Kerala,CONSUMER,6,NORMAL
Cust_1219,"TOM ZANDUSKY",Cochin,Kerala,"HOME OFFICE",3,NORMAL
Cust_1220,"DENNY JOY",Cochin,Kerala,CORPORATE,3,NORMAL
Cust_1221,"HENIA ZYDLO",Cochin,Kerala,"HOME OFFICE",4,NORMAL
Cust_1222,"TRACY COLLINS",Cochin,Kerala,CONSUMER,4,FRAUD
Cust_1223,"NATALIE WEBBER",Cochin,Kerala,CONSUMER,5,FRAUD
Cust_1225,"MARIA ZETTNER",Cochin,Kerala,CORPORATE,2,NORMAL
Cust_1226,"THEA HUDGINGS",Cochin,Kerala,CONSUMER,8,NORMAL
Cust_1227,"NATALIE WEBBER",Cochin,Kerala,CORPORATE,6,FRAUD
Cust_1228,"NORA PELLETIER",Cochin,Kerala,CORPORATE,4,FRAUD
Cust_1229,"MATTHEW CLASEN",Cochin,Kerala,CONSUMER,3,NORMAL
Cust_1230,"NORA PELLETIER",Cochin,Kerala,"HOME OFFICE",4,FRAUD
Cust_1231,"MICK CREBAGGA",Cochin,Kerala,CORPORATE,4,FRAUD
Cust_1232,"JAMIE FRAZER",Cochin,Kerala,"SMALL BUSINESS",4,NORMAL
Cust_1233,"MICHAEL OAKMAN",Cochin,Kerala,"SMALL BUSINESS",7,NORMAL
Cust_1235,"TRACY COLLINS",Cochin,Kerala,CORPORATE,4,FRAUD
Cust_1236,"RACHEL PAYNE",Cochin,Kerala,CONSUMER,6,FRAUD
Cust_1237,"CRAIG MOLINARI",Cochin,Kerala,"SMALL BUSINESS",2,NORMAL
Cust_1238,"JOY DANIELS",Cochin,Kerala,CORPORATE,3,NORMAL
Cust_1239,"JILL FJELD",Cochin,Kerala,"HOME OFFICE",2,NORMAL
Cust_124,"HENRY GOLDWYN",Coimbatore,"Tamil Nadu","SMALL BUSINESS",2,NORMAL
Cust_1240,"GENE MCCLURE",Cochin,Kerala,CONSUMER,3,FRAUD
Cust_1241,"RICK BENSLEY",Cochin,Kerala,CONSUMER,6,NORMAL
Cust_1242,"THOMAS BRUMLEY",Cochin,Kerala,CONSUMER,2,NORMAL
Cust_1244,"JULIE KRIZ",Cochin,Kerala,CORPORATE,3,NORMAL
Cust_1245,"RUSSELL APPLEGATE",Cochin,Kerala,"SMALL BUSINESS",2,FRAUD
Cust_1246,"ERIC BARRETO",Cochin,Kerala,"SMALL BUSINESS",3,NORMAL
Cust_1248,"TOBY KNIGHT",Cochin,Kerala,CORPORATE,3,FRAUD
Cust_1250,"ARTHUR GAINER",Cochin,Kerala,CONSUMER,3,FRAUD
Cust_1251,"THERESA SWINT",Cochin,Kerala,"SMALL BUSINESS",2,FRAUD
Cust_1258,"PETER FULLER",Kanyakumari,"Tamil Nadu",CONSUMER,5,FRAUD
Cust_1259,"SAM CRAVEN",Kanyakumari,"Tamil Nadu","HOME OFFICE",6,NORMAL
Cust_1260,"MITCH WILLINGHAM",Kanyakumari,"Tamil Nadu",CORPORATE,7,NORMAL
Cust_1261,"JOHN DRYER",Kanyakumari,"Tamil Nadu",CORPORATE,8,NORMAL
Cust_1262,"SUSAN GILCREST",Kanyakumari,"Tamil Nadu","HOME OFFICE",3,NORMAL
Cust_1263,"KEN HEIDEL",Kanyakumari,"Tamil Nadu",CORPORATE,3,NORMAL
Cust_1264,"PATRICK RYAN",Kanyakumari,"Tamil Nadu",CORPORATE,11,NORMAL
Cust_1265,"RANDY BRADLEY",Kanyakumari,"Tamil Nadu","SMALL BUSINESS",4,FRAUD
Cust_1266,"WILLIAM BROWN",Kanyakumari,"Tamil Nadu",CORPORATE,9,FRAUD
Cust_1267,"RICK HANSEN",Kanyakumari,"Tamil Nadu",CORPORATE,5,FRAUD
Cust_1268,"TOBY GRACE",Kanyakumari,"Tamil Nadu","HOME OFFICE",5,NORMAL
Cust_1269,"JOSEPH HOLT",Kanyakumari,"Tamil Nadu","HOME OFFICE",3,NORMAL
Cust_1270,"MAYA HERMAN",Kanyakumari,"Tamil Nadu",CORPORATE,7,NORMAL
Cust_1271,"RICK HANSEN",Kanyakumari,"Tamil Nadu","HOME OFFICE",5,FRAUD
Cust_1272,"ASHLEY JARBOE",Kanyakumari,"Tamil Nadu","SMALL BUSINESS",2,FRAUD
Cust_1273,"RANDY BRADLEY",Kanyakumari,"Tamil Nadu",CORPORATE,2,FRAUD
Cust_1274,"WILLIAM BROWN",Kanyakumari,"Tamil Nadu","HOME OFFICE",6,FRAUD
Cust_1275,"ASHLEY JARBOE",Kanyakumari,"Tamil Nadu","HOME OFFICE",2,FRAUD
Cust_1276,"PAULINE WEBBER",Kanyakumari,"Tamil Nadu",CONSUMER,3,NORMAL
Cust_1277,"MATT COLLISTER",Kanyakumari,"Tamil Nadu","HOME OFFICE",4,NORMAL
Cust_1278,"KEAN TAKAHITO",Kanyakumari,"Tamil Nadu","HOME OFFICE",2,NORMAL
Cust_1279,"JULIA DUNBAR",Kanyakumari,"Tamil Nadu",CONSUMER,4,NORMAL
Cust_1280,"NICK ZANDUSKY",Kanyakumari,"Tamil Nadu","SMALL BUSINESS",7,NORMAL
Cust_1281,"PETER FULLER",Kanyakumari,"Tamil Nadu",CORPORATE,6,FRAUD
Cust_1282,"NEOMA MURRAY",Kanyakumari,"Tamil Nadu","SMALL BUSINESS",4,NORMAL
Cust_1284,"DARRIN VAN HUFF",Kanyakumari,"Tamil Nadu","HOME OFFICE",6,NORMAL
Cust_1285,"BRIAN MOSS",Kanyakumari,"Tamil Nadu",CORPORATE,6,NORMAL
Cust_1286,"MAX LUDWIG",Kanyakumari,"Tamil Nadu",CORPORATE,4,NORMAL
Cust_1287,"MICHELLE MORAY",Kanyakumari,"Tamil Nadu",CORPORATE,9,NORMAL
Cust_1288,"EVA JACOBS",Kanyakumari,"Tamil Nadu","HOME OFFICE",2,NORMAL
Cust_1289,"CRAIG RIDER",Kanyakumari,"Tamil Nadu","SMALL BUSINESS",2,NORMAL
Cust_1290,"MARIBETH YEDWAB",Kanyakumari,"Tamil Nadu","HOME OFFICE",7,NORMAL
Cust_1291,"CINDY SCHNELLING",Kanyakumari,"Tamil Nadu",CORPORATE,6,NORMAL
Cust_1292,"EUGENE MOREN",Kanyakumari,"Tamil Nadu","HOME OFFICE",3,NORMAL
Cust_1293,"LIZ PRICE",Kanyakumari,"Tamil Nadu",CORPORATE,2,FRAUD
Cust_1294,"LIZ PRICE",Kanyakumari,"Tamil Nadu",CONSUMER,2,FRAUD
Cust_1295,"MARK VAN HUFF",Kanyakumari,"Tamil Nadu","HOME OFFICE",3,NORMAL
Cust_1296,"STEFANIA PERRINO",Kanyakumari,"Tamil Nadu",CORPORATE,3,NORMAL
Cust_1299,"SUNG SHARIARI",Kanyakumari,"Tamil Nadu",CORPORATE,7,NORMAL
Cust_13,"JIM RADFORD",Kolkata,"West Bengal",CORPORATE,2,NORMAL
Cust_1300,"NONA BALK",Kanyakumari,"Tamil Nadu",CORPORATE,3,NORMAL
Cust_1302,"RICHARD EICHHORN",Kanyakumari,"Tamil Nadu",CONSUMER,4,NORMAL
Cust_1303,"NEIL FRENCH",Kanyakumari,"Tamil Nadu",CONSUMER,5,FRAUD
Cust_1304,"NEIL FRENCH",Kanyakumari,"Tamil Nadu",CORPORATE,3,FRAUD
Cust_1305,"NICOLE FJELD",Kanyakumari,"Tamil Nadu","SMALL BUSINESS",2,NORMAL
Cust_1306,"SUZANNE MCNAIR",Kanyakumari,"Tamil Nadu","SMALL BUSINESS",5,FRAUD
Cust_1307,"ANDY REITER",Kanyakumari,"Tamil Nadu",CORPORATE,3,NORMAL
Cust_1308,"SUZANNE MCNAIR",Kanyakumari,"Tamil Nadu",CORPORATE,3,FRAUD
Cust_1309,"SUSAN PISTEK",Kanyakumari,"Tamil Nadu","HOME OFFICE",6,NORMAL
Cust_1310,"NICK CREBASSA",Kanyakumari,"Tamil Nadu",CORPORATE,8,NORMAL
Cust_1312,"ROB BEEGHLY",Kanyakumari,"Tamil Nadu",CONSUMER,4,NORMAL
Cust_1314,"ALEKSANDRA GANNAWAY",Kanyakumari,"Tamil Nadu",CORPORATE,3,FRAUD
Cust_1316,"BRENDA BOWMAN",Kanyakumari,"Tamil Nadu","SMALL BUSINESS",2,NORMAL
Cust_1317,"CARL WEISS",Kanyakumari,"Tamil Nadu",CONSUMER,6,NORMAL
Cust_1318,"JACK O'BRIANT",Kanyakumari,"Tamil Nadu",CONSUMER,7,FRAUD
Cust_1319,"JOEL EATON",Kanyakumari,"Tamil Nadu","HOME OFFICE",6,NORMAL
Cust_132,"HAROLD ENGLE",Coimbatore,"Tamil Nadu",CONSUMER,5,FRAUD
Cust_1320,"JUSTIN ELLISON",Kanyakumari,"Tamil Nadu","HOME OFFICE",6,NORMAL
Cust_1321,"JENNIFER JACKSON",Kanyakumari,"Tamil Nadu","HOME OFFICE",7,NORMAL
Cust_1322,"MICHAEL OAKMAN",Kanyakumari,"Tamil Nadu","SMALL BUSINESS",3,NORMAL
Cust_1323,"JACK O'BRIANT",Kanyakumari,"Tamil Nadu","SMALL BUSINESS",9,FRAUD
Cust_1324,"JACK O'BRIANT",Kanyakumari,"Tamil Nadu","HOME OFFICE",3,FRAUD
Cust_1325,"KAREN BERN",Kanyakumari,"Tamil Nadu",CORPORATE,3,NORMAL
Cust_1326,"KRISTEN HASTINGS",Kanyakumari,"Tamil Nadu",CORPORATE,3,NORMAL
Cust_1327,"MEG TILLMAN",Kanyakumari,"Tamil Nadu","SMALL BUSINESS",5,NORMAL
Cust_1328,"LIZ PELLETIER",Kanyakumari,"Tamil Nadu",CORPORATE,3,FRAUD
Cust_1329,"JONATHAN DOHERTY",Kanyakumari,"Tamil Nadu",CORPORATE,14,NORMAL
Cust_133,"ROY FRENCH",Coimbatore,"Tamil Nadu",CONSUMER,3,NORMAL
Cust_1330,"FRANK GASTINEAU",Kanyakumari,"Tamil Nadu","SMALL BUSINESS",2,NORMAL
Cust_1331,"JANET LEE",Kanyakumari,"Tamil Nadu",CONSUMER,7,NORMAL
Cust_1332,"RICK WILSON",Kanyakumari,"Tamil Nadu",CONSUMER,5,FRAUD
Cust_1333,"LYCORIS SAUNDERS",Kanyakumari,"Tamil Nadu",CORPORATE,4,FRAUD
Cust_1334,"MAXWELL SCHWARTZ",Kanyakumari,"Tamil Nadu",CORPORATE,11,NORMAL
Cust_1335,"LIZ CARLISLE",Kanyakumari,"Tamil Nadu",CORPORATE,9,NORMAL
Cust_1336,"NEIL KNUDSON",Kanyakumari,"Tamil Nadu",CORPORATE,6,FRAUD
Cust_1337,"DENISE MONTON",Kanyakumari,"Tamil Nadu","HOME OFFICE",10,NORMAL
Cust_1338,"LYCORIS SAUNDERS",Kanyakumari,"Tamil Nadu","HOME OFFICE",6,FRAUD
Cust_1339,"KELLY COLLISTER",Kanyakumari,"Tamil Nadu",CONSUMER,3,NORMAL
Cust_134,"HELEN ABELMAN",Coimbatore,"Tamil Nadu","HOME OFFICE",4,NORMAL
Cust_1340,"DENNIS PARDUE",Kanyakumari,"Tamil Nadu",CORPORATE,6,FRAUD
Cust_1341,"DENNIS PARDUE",Kanyakumari,"Tamil Nadu","SMALL BUSINESS",5,FRAUD
Cust_1342,"NEIL KNUDSON",Kanyakumari,"Tamil Nadu","HOME OFFICE",5,FRAUD
Cust_1343,"JOHN HUSTON",Kanyakumari,"Tamil Nadu",CONSUMER,2,NORMAL
Cust_1344,"MARYBETH SKACH",Kanyakumari,"Tamil Nadu","HOME OFFICE",6,NORMAL
Cust_1345,"RICK WILSON",Kanyakumari,"Tamil Nadu",CORPORATE,4,FRAUD
Cust_1346,"ANTHONY GARVERICK",Kanyakumari,"Tamil Nadu","SMALL BUSINESS",3,NORMAL
Cust_1349,"LINDSAY CASTELL",Kanyakumari,"Tamil Nadu",CORPORATE,2,FRAUD
Cust_135,"GUY ARMSTRONG",Coimbatore,"Tamil Nadu",CORPORATE,5,NORMAL
Cust_1350,"LIZ PELLETIER",Kanyakumari,"Tamil Nadu","HOME OFFICE",3,FRAUD
Cust_1352,"PAUL STEVENSON",Kanyakumari,"Tamil Nadu",CORPORATE,4,NORMAL
Cust_1353,"GREG HANSEN",Kanyakumari,"Tamil Nadu","HOME OFFICE",4,NORMAL
Cust_1354,"BILL EPLETT",Kanyakumari,"Tamil Nadu",CORPORATE,2,NORMAL
Cust_1355,"JEREMY LONSDALE",Kanyakumari,"Tamil Nadu",CORPORATE,4,NORMAL
Cust_1357,"IONIA MCGRATH",Kanyakumari,"Tamil Nadu","HOME OFFICE",2,FRAUD
Cust_1359,"VALERIE TAKAHITO",Kanyakumari,"Tamil Nadu",CONSUMER,3,NORMAL
Cust_136,"JENNIFER BRAXTON",Coimbatore,"Tamil Nadu","SMALL BUSINESS",5,NORMAL
Cust_1360,"LUKE SCHMIDT",Kanyakumari,"Tamil Nadu","HOME OFFICE",11,NORMAL
Cust_1361,"KELLY ANDREADA",Kanyakumari,"Tamil Nadu","HOME OFFICE",8,NORMAL
Cust_1364,"CRAIG LESLIE",Kanyakumari,"Tamil Nadu",CONSUMER,3,NORMAL
Cust_1365,"MICHAEL GRACE",Kanyakumari,"Tamil Nadu",CORPORATE,8,NORMAL
Cust_1366,"SAPHHIRA SHIFLEY",Kanyakumari,"Tamil Nadu",CORPORATE,4,FRAUD
Cust_1367,"SAPHHIRA SHIFLEY",Kanyakumari,"Tamil Nadu",CONSUMER,7,FRAUD
Cust_1368,"LAUREL BELTRAN",Kanyakumari,"Tamil Nadu",CONSUMER,4,NORMAL
Cust_1369,"TRACY BLUMSTEIN",Kanyakumari,"Tamil Nadu","HOME OFFICE",5,NORMAL
Cust_137,"GIULIETTA BAPTIST",Coimbatore,"Tamil Nadu","HOME OFFICE",4,NORMAL
Cust_1370,"LARRY BLACKS",Kanyakumari,"Tamil Nadu",CONSUMER,3,NORMAL
Cust_1371,"HAROLD DAHLEN",Kanyakumari,"Tamil Nadu",CORPORATE,2,FRAUD
Cust_1375,"ROY COLLINS",Kanyakumari,"Tamil Nadu",CORPORATE,9,NORMAL
Cust_1376,"TOBY SWINDELL",Kanyakumari,"Tamil Nadu","SMALL BUSINESS",7,NORMAL
Cust_1377,"SARAH BROWN",Kanyakumari,"Tamil Nadu",CONSUMER,2,NORMAL
Cust_1378,"CHRISTINA ANDERSON",Kanyakumari,"Tamil Nadu",CORPORATE,5,NORMAL
Cust_1379,"ROBERT DILBECK",Kanyakumari,"Tamil Nadu",CORPORATE,5,NORMAL
Cust_138,"JACK LEBRON",Coimbatore,"Tamil Nadu",CORPORATE,12,NORMAL
Cust_1380,"RANDY FERGUSON",Kanyakumari,"Tamil Nadu","HOME OFFICE",6,FRAUD
Cust_1381,"ARIANNE IRVING",Kanyakumari,"Tamil Nadu",CORPORATE,7,NORMAL
Cust_1382,"RANDY FERGUSON",Kanyakumari,"Tamil Nadu",CORPORATE,3,FRAUD
Cust_1383,"CYNTHIA ARNTZEN",Kanyakumari,"Tamil Nadu","SMALL BUSINESS",7,FRAUD
Cust_1384,"ANDY GERBODE",Kanyakumari,"Tamil Nadu",CONSUMER,5,NORMAL
Cust_1385,"AMY HUNT",Kanyakumari,"Tamil Nadu","HOME OFFICE",7,FRAUD
Cust_1386,"CRAIG MOLINARI",Kanyakumari,"Tamil Nadu","SMALL BUSINESS",5,NORMAL
Cust_1387,"TRUDY BROWN",Kanyakumari,"Tamil Nadu","SMALL BUSINESS",6,NORMAL
Cust_1388,"AMY HUNT",Kanyakumari,"Tamil Nadu","SMALL BUSINESS",5,FRAUD
Cust_1389,"PHILIP FOX",Kanyakumari,"Tamil Nadu","HOME OFFICE",3,NORMAL
Cust_139,"ERICA BERN",Coimbatore,"Tamil Nadu",CORPORATE,10,FRAUD
Cust_1390,"BRIAN DAHLEN",Kanyakumari,"Tamil Nadu","SMALL BUSINESS",4,NORMAL
Cust_1391,"BETH FRITZLER",Kanyakumari,"Tamil Nadu","SMALL BUSINESS",4,NORMAL
Cust_1392,"BROSINA HOFFMAN",Kanyakumari,"Tamil Nadu",CONSUMER,3,NORMAL
Cust_1393,"AMY HUNT",Kanyakumari,"Tamil Nadu",CONSUMER,4,FRAUD
Cust_1395,"JENNIFER FERGUSON",Kanyakumari,"Tamil Nadu",CORPORATE,2,NORMAL
Cust_1396,"PAUL PROST",Kanyakumari,"Tamil Nadu",CORPORATE,4,NORMAL
Cust_1397,"TOBY CARLISLE",Kanyakumari,"Tamil Nadu","HOME OFFICE",4,NORMAL
Cust_1399,"PHILLINA OBER",Hyderabad,Telangana,"SMALL BUSINESS",2,NORMAL
Cust_14,"CARL LUDWIG",Kolkata,"West Bengal",CORPORATE,2,NORMAL
Cust_140,"CHRISTOPHER SCHILD",Coimbatore,"Tamil Nadu",CORPORATE,5,NORMAL
Cust_1400,"JIM EPP",Hyderabad,Telangana,"SMALL BUSINESS",12,NORMAL
Cust_1401,"MUHAMMED YEDWAB",Hyderabad,Telangana,CONSUMER,14,NORMAL
Cust_1402,"MARIBETH SCHNELLING",Hyderabad,Telangana,CORPORATE,3,NORMAL
Cust_1403,"DEANRA ENO",Hyderabad,Telangana,CORPORATE,2,NORMAL
Cust_1404,"JAMES GALANG",Hyderabad,Telangana,CONSUMER,8,NORMAL
Cust_1405,"KATRINA WILLMAN",Hyderabad,Telangana,CONSUMER,2,NORMAL
Cust_1406,"NORA PRICE",Hyderabad,Telangana,"HOME OFFICE",6,FRAUD
Cust_1407,"LISA DECHERNEY",Hyderabad,Telangana,CORPORATE,3,FRAUD
Cust_1408,"LYNN SMITH",Hyderabad,Telangana,CORPORATE,7,NORMAL
Cust_1409,"CHRISTINA DEMOSS",Hyderabad,Telangana,"HOME OFFICE",2,NORMAL
Cust_141,"JOY SMITH",Coimbatore,"Tamil Nadu",CORPORATE,6,FRAUD
Cust_1410,"CHRISTINE ABELMAN",Hyderabad,Telangana,CORPORATE,2,NORMAL
Cust_1411,"NORA PRICE",Hyderabad,Telangana,"SMALL BUSINESS",10,FRAUD
Cust_1412,"MARIBETH DONA",Hyderabad,Telangana,"HOME OFFICE",3,NORMAL
Cust_1413,"PAULINE JOHNSON",Hyderabad,Telangana,CORPORATE,3,NORMAL
Cust_1414,"JOCASTA RUPERT",Hyderabad,Telangana,CONSUMER,3,NORMAL
Cust_1415,"LAUREL ELLISTON",Hyderabad,Telangana,CORPORATE,4,FRAUD
Cust_1416,"GEORGIA ROSENBERG",Hyderabad,Telangana,CONSUMER,5,NORMAL
Cust_1418,"ANEMONE RATNER",Hyderabad,Telangana,"SMALL BUSINESS",3,NORMAL
Cust_1419,"KATHERINE HUGHES",Hyderabad,Telangana,CONSUMER,6,NORMAL
Cust_142,"EVAN MINNOTTE",Coimbatore,"Tamil Nadu",CORPORATE,5,NORMAL
Cust_1420,"TRACY COLLINS",Hyderabad,Telangana,CONSUMER,2,FRAUD
Cust_1421,"LIZ MACKENDRICK",Hyderabad,Telangana,CORPORATE,12,NORMAL
Cust_1425,"RICHARD BIERNER",Hyderabad,Telangana,"SMALL BUSINESS",4,NORMAL
Cust_1426,"BRUCE STEWART",Hyderabad,Telangana,CORPORATE,2,NORMAL
Cust_1427,"ALEKSANDRA GANNAWAY",Hyderabad,Telangana,CORPORATE,3,NORMAL
Cust_1428,"BRENDAN SWEED",Hyderabad,Telangana,CONSUMER,2,NORMAL
Cust_1429,"LAUREL ELLISTON",Hyderabad,Telangana,"HOME OFFICE",2,FRAUD
Cust_1436,"DARIO MEDINA",Trivandrum,Kerala,"SMALL BUSINESS",6,NORMAL
Cust_1437,"ED BRAXTON",Trivandrum,Kerala,CONSUMER,4,FRAUD
Cust_1438,"CINDY CHAPMAN",Trivandrum,Kerala,CONSUMER,6,FRAUD
Cust_1439,"ASHLEY JARBOE",Trivandrum,Kerala,"HOME OFFICE",5,FRAUD
Cust_144,"HAROLD ENGLE",Coimbatore,"Tamil Nadu","HOME OFFICE",5,FRAUD
Cust_1440,"BENJAMIN FARHAT",Trivandrum,Kerala,"HOME OFFICE",7,NORMAL
Cust_1441,"CINDY CHAPMAN",Trivandrum,Kerala,CORPORATE,8,FRAUD
Cust_1442,"BRUCE DEGENHARDT",Trivandrum,Kerala,"HOME OFFICE",5,NORMAL
Cust_1443,"DIANNA VITTORINI",Trivandrum,Kerala,CORPORATE,8,NORMAL
Cust_1444,"CINDY STEWART",Trivandrum,Kerala,CORPORATE,6,FRAUD
Cust_1445,"ED BRAXTON",Trivandrum,Kerala,"HOME OFFICE",11,FRAUD
Cust_1446,"QUINCY JONES",Trivandrum,Kerala,"HOME OFFICE",3,FRAUD
Cust_1447,"QUINCY JONES",Trivandrum,Kerala,"SMALL BUSINESS",3,FRAUD
Cust_1448,"QUINCY JONES",Trivandrum,Kerala,CORPORATE,4,FRAUD
Cust_1449,"ROB WILLIAMS",Trivandrum,Kerala,"HOME OFFICE",4,NORMAL
Cust_145,"HILARY HOLDEN",Coimbatore,"Tamil Nadu",CORPORATE,5,NORMAL
Cust_1450,"BENJAMIN PATTERSON",Trivandrum,Kerala,CORPORATE,4,NORMAL
Cust_1451,"ANNA CHUNG",Trivandrum,Kerala,"HOME OFFICE",3,NORMAL
Cust_1452,"RICARDO BLOCK",Trivandrum,Kerala,CORPORATE,2,NORMAL
Cust_1453,"ASHLEY JARBOE",Trivandrum,Kerala,"SMALL BUSINESS",4,FRAUD
Cust_1455,"CINDY STEWART",Trivandrum,Kerala,CONSUMER,2,FRAUD
Cust_1456,"TRUDY BELL",Trivandrum,Kerala,CONSUMER,3,NORMAL
Cust_1457,"BRAD THOMAS",Trivandrum,Kerala,"HOME OFFICE",12,FRAUD
Cust_1459,"PAUL LUCAS",Trivandrum,Kerala,CORPORATE,2,NORMAL
Cust_146,"GREG GUTHRIE",Coimbatore,"Tamil Nadu",CORPORATE,3,FRAUD
Cust_1461,"ROBERT BARROSO",Trivandrum,Kerala,"SMALL BUSINESS",3,NORMAL
Cust_1462,"BRAD THOMAS",Trivandrum,Kerala,CORPORATE,2,FRAUD
Cust_1463,"DAVID KENDRICK",Trivandrum,Kerala,"HOME OFFICE",4,NORMAL
Cust_1464,"LUKE FOSTER",Trivandrum,Kerala,CORPORATE,3,NORMAL
Cust_1465,"MAUREEN GASTINEAU",Trivandrum,Kerala,CONSUMER,5,NORMAL
Cust_1466,"ED JACOBS",Trivandrum,Kerala,"SMALL BUSINESS",4,NORMAL
Cust_1467,"DAVE POIRIER",Trivandrum,Kerala,"SMALL BUSINESS",3,NORMAL
Cust_1468,"ALEKSANDRA GANNAWAY",Trivandrum,Kerala,CORPORATE,3,FRAUD
Cust_1469,"KEAN THORNTON",Trivandrum,Kerala,CORPORATE,5,NORMAL
Cust_147,"JOY SMITH",Coimbatore,"Tamil Nadu",CONSUMER,6,FRAUD
Cust_1470,"ROB LUCAS",Trivandrum,Kerala,"SMALL BUSINESS",2,NORMAL
Cust_1471,"NORA PAIGE",Trivandrum,Kerala,"SMALL BUSINESS",4,NORMAL
Cust_1472,"ERIC BARRETO",Trivandrum,Kerala,CONSUMER,2,FRAUD
Cust_1473,"SARA LUXEMBURG",Trivandrum,Kerala,"SMALL BUSINESS",4,FRAUD
Cust_1474,"ADAM HART",Trivandrum,Kerala,CORPORATE,11,NORMAL
Cust_1475,"BOBBY ELIAS",Trivandrum,Kerala,"SMALL BUSINESS",4,NORMAL
Cust_1476,"ROLAND FJELD",Trivandrum,Kerala,CORPORATE,2,NORMAL
Cust_1477,"BILL SHONELY",Trivandrum,Kerala,"SMALL BUSINESS",3,NORMAL
Cust_1478,"DENNY ORDWAY",Trivandrum,Kerala,"SMALL BUSINESS",4,NORMAL
Cust_148,"DAN REICHENBACH",Coimbatore,"Tamil Nadu",CORPORATE,4,NORMAL
Cust_1480,"ALAN SCHOENBERGER",Trivandrum,Kerala,CORPORATE,2,NORMAL
Cust_1481,"CHARLES CRESTANI",Trivandrum,Kerala,CONSUMER,5,NORMAL
Cust_1482,"CHRISTY BRITTAIN",Trivandrum,Kerala,CONSUMER,5,NORMAL
Cust_1483,"BRADLEY DRUCKER",Trivandrum,Kerala,"SMALL BUSINESS",5,NORMAL
Cust_1484,"BRYAN SPRUELL",Trivandrum,Kerala,"HOME OFFICE",4,NORMAL
Cust_1485,"TOM PRESCOTT",Trivandrum,Kerala,"SMALL BUSINESS",2,NORMAL
Cust_1487,"KARL BROWN",Trivandrum,Kerala,CORPORATE,3,FRAUD
Cust_1488,"THOMAS THORNTON",Trivandrum,Kerala,CONSUMER,5,NORMAL
Cust_149,"PAUL GONZALEZ",Coimbatore,"Tamil Nadu",CORPORATE,2,NORMAL
Cust_1490,"TAMARA WILLINGHAM",Trivandrum,Kerala,CORPORATE,6,NORMAL
Cust_1492,"THEA HENDRICKS",Trivandrum,Kerala,"HOME OFFICE",3,NORMAL
Cust_1493,"GIULIETTA DORTCH",Trivandrum,Kerala,CORPORATE,4,FRAUD
Cust_1495,"EVAN HENRY",Trivandrum,Kerala,CORPORATE,5,NORMAL
Cust_1496,"GRANT THORNTON",Trivandrum,Kerala,CORPORATE,7,NORMAL
Cust_1497,"GIULIETTA DORTCH",Trivandrum,Kerala,"SMALL BUSINESS",6,FRAUD
Cust_1499,"ERIC MURDOCK",Trivandrum,Kerala,"HOME OFFICE",2,NORMAL
Cust_15,"DON MILLER",Kolkata,"West Bengal","HOME OFFICE",2,NORMAL
Cust_150,"FILIA MCADAMS",Coimbatore,"Tamil Nadu","SMALL BUSINESS",5,NORMAL
Cust_1500,"JILL FJELD",Trivandrum,Kerala,"HOME OFFICE",2,NORMAL
Cust_1502,"ASTREA JONES",Trivandrum,Kerala,CORPORATE,2,NORMAL
Cust_1503,"PETER BUHLER",Trivandrum,Kerala,CONSUMER,3,NORMAL
Cust_1504,"DEAN KATZ",Trivandrum,Kerala,"HOME OFFICE",4,NORMAL
Cust_1506,"CARLOS MEADOR",Trivandrum,Kerala,CORPORATE,5,NORMAL
Cust_1507,"GIULIETTA DORTCH",Trivandrum,Kerala,CONSUMER,4,FRAUD
Cust_1509,"JENNIFER PATT",Trivandrum,Kerala,"HOME OFFICE",2,NORMAL
Cust_151,"GREG GUTHRIE",Coimbatore,"Tamil Nadu","SMALL BUSINESS",5,FRAUD
Cust_1510,"CYNTHIA VOLTZ",Trivandrum,Kerala,CORPORATE,2,NORMAL
Cust_1511,"BARRY POND",Trivandrum,Kerala,CONSUMER,2,NORMAL
Cust_1512,"TONY MOLINARI",Trivandrum,Kerala,CORPORATE,2,NORMAL
Cust_1513,"JULIA BARNETT",Trivandrum,Kerala,CORPORATE,2,FRAUD
Cust_1514,"JEREMY PISTEK",Trivandrum,Kerala,CORPORATE,3,NORMAL
Cust_1515,"CYRA REITEN",Trivandrum,Kerala,CONSUMER,2,NORMAL
Cust_1516,"DAN CAMPBELL",Trivandrum,Kerala,CORPORATE,4,FRAUD
Cust_1517,"BRIAN STUGART",Trivandrum,Kerala,CONSUMER,2,FRAUD
Cust_1518,"JULIA BARNETT",Trivandrum,Kerala,"HOME OFFICE",5,FRAUD
Cust_1519,"YANA SORENSEN",Trivandrum,Kerala,CORPORATE,2,NORMAL
Cust_152,"CHUCK MAGEE",Coimbatore,"Tamil Nadu",CORPORATE,2,NORMAL
Cust_1520,"JONI WASSERMAN",Trivandrum,Kerala,CONSUMER,4,NORMAL
Cust_1521,"AARON HAWKINS",Trivandrum,Kerala,"HOME OFFICE",2,NORMAL
Cust_1522,"VICTORIA PISTEKA",Trivandrum,Kerala,CORPORATE,5,NORMAL
Cust_1523,"DAVE KIPP",Trivandrum,Kerala,CORPORATE,4,FRAUD
Cust_1524,"SHIRLEY JACKSON",Trivandrum,Kerala,CORPORATE,2,NORMAL
Cust_1525,"DAVID BREMER",Trivandrum,Kerala,CORPORATE,2,NORMAL
Cust_1526,"DEANRA ENO",Trivandrum,Kerala,CORPORATE,6,NORMAL
Cust_1528,"BRIAN STUGART",Trivandrum,Kerala,CORPORATE,2,FRAUD
Cust_1529,"JILL MATTHIAS",Trivandrum,Kerala,CONSUMER,2,NORMAL
Cust_153,"FRANK ATKINSON",Coimbatore,"Tamil Nadu",CORPORATE,2,NORMAL
Cust_1530,"TIM TASLIMI",Trivandrum,Kerala,CORPORATE,3,NORMAL
Cust_1532,"JULIANA KROHN",Trivandrum,Kerala,CORPORATE,3,NORMAL
Cust_1533,"DARRIN SAYRE",Trivandrum,Kerala,CONSUMER,4,NORMAL
Cust_1536,"JANET MARTIN",Trivandrum,Kerala,CORPORATE,2,NORMAL
Cust_1538,"DARREN BUDD",Trivandrum,Kerala,"HOME OFFICE",4,FRAUD
Cust_154,"CARLOS SOLTERO",Coimbatore,"Tamil Nadu",CONSUMER,6,FRAUD
Cust_1540,"HELEN ANDREADA",Trivandrum,Kerala,CORPORATE,3,NORMAL
Cust_1541,"NICOLE BRENNAN",Trivandrum,Kerala,CONSUMER,2,FRAUD
Cust_1542,"IVAN LISTON",Trivandrum,Kerala,CONSUMER,2,NORMAL
Cust_1543,"BRENDAN MURRY",Trivandrum,Kerala,CORPORATE,3,NORMAL
Cust_1545,"KAREN CARLISLE",Trivandrum,Kerala,"HOME OFFICE",2,FRAUD
Cust_1546,"TRACY HOPKINS",Trivandrum,Kerala,"SMALL BUSINESS",2,NORMAL
Cust_1549,"NICOLE BRENNAN",Trivandrum,Kerala,"HOME OFFICE",4,FRAUD
Cust_155,"PHILIP BROWN",Coimbatore,"Tamil Nadu","HOME OFFICE",2,FRAUD
Cust_1557,"DEBORAH BRUMFIELD",Trivandrum,Kerala,"SMALL BUSINESS",2,NORMAL
Cust_1558,"JAY FINE",Trivandrum,Kerala,CONSUMER,2,NORMAL
Cust_1560,"SPEROS GORANITIS",Trivandrum,Kerala,CORPORATE,2,NORMAL
Cust_1561,"PETE KRIZ",Trivandrum,Kerala,CORPORATE,2,NORMAL
Cust_1568,"DAVE KIPP",Chennai,"Tamil Nadu",CONSUMER,3,NORMAL
Cust_1569,"DOUG O'CONNELL",Chennai,"Tamil Nadu","SMALL BUSINESS",2,NORMAL
Cust_1570,"COREY LOCK",Chennai,"Tamil Nadu","HOME OFFICE",7,NORMAL
Cust_1571,"KAREN CARLISLE",Chennai,"Tamil Nadu",CORPORATE,4,FRAUD
Cust_1573,"DEBORAH BRUMFIELD",Chennai,"Tamil Nadu","SMALL BUSINESS",2,NORMAL
Cust_1574,"NICOLE BRENNAN",Chennai,"Tamil Nadu","HOME OFFICE",3,FRAUD
Cust_1575,"JAY FINE",Chennai,"Tamil Nadu",CONSUMER,2,NORMAL
Cust_1578,"BRADLEY DRUCKER",Chennai,"Tamil Nadu","SMALL BUSINESS",4,NORMAL
Cust_1579,"ADAM HART",Chennai,"Tamil Nadu",CORPORATE,7,NORMAL
Cust_158,"JIM SINK",Coimbatore,"Tamil Nadu",CORPORATE,3,NORMAL
Cust_1580,"BENJAMIN VENIER",Chennai,"Tamil Nadu","SMALL BUSINESS",3,NORMAL
Cust_1581,"IVAN LISTON",Chennai,"Tamil Nadu",CONSUMER,2,NORMAL
Cust_1583,"TOM ASHBROOK",Chennai,"Tamil Nadu","HOME OFFICE",2,NORMAL
Cust_1586,"BRAD THOMAS",Chennai,"Tamil Nadu","HOME OFFICE",4,FRAUD
Cust_1587,"VICTORIA PISTEKA",Chennai,"Tamil Nadu",CORPORATE,4,NORMAL
Cust_1588,"BARRY POND",Chennai,"Tamil Nadu",CONSUMER,3,NORMAL
Cust_159,"PHILIP BROWN",Coimbatore,"Tamil Nadu",CORPORATE,2,FRAUD
Cust_1590,"KAREN CARLISLE",Chennai,"Tamil Nadu","HOME OFFICE",3,FRAUD
Cust_1592,"BARRY WEIRICH",Chennai,"Tamil Nadu",CORPORATE,4,NORMAL
Cust_1593,"MICHAEL STEWART",Chennai,"Tamil Nadu","SMALL BUSINESS",3,NORMAL
Cust_1594,"DAVE POIRIER",Chennai,"Tamil Nadu","SMALL BUSINESS",2,NORMAL
Cust_1596,"BRYAN SPRUELL",Chennai,"Tamil Nadu","HOME OFFICE",4,NORMAL
Cust_1597,"CHRISTY BRITTAIN",Chennai,"Tamil Nadu",CONSUMER,5,NORMAL
Cust_1598,"HAROLD DAHLEN",Chennai,"Tamil Nadu",CONSUMER,2,FRAUD
Cust_1599,"BOBBY TRAFTON",Chennai,"Tamil Nadu","SMALL BUSINESS",4,FRAUD
Cust_16,"ANNIE CYPRUS",Kolkata,"West Bengal","HOME OFFICE",3,NORMAL
Cust_1600,"SPEROS GORANITIS",Chennai,"Tamil Nadu",CORPORATE,2,NORMAL
Cust_1601,"GRANT THORNTON",Chennai,"Tamil Nadu",CORPORATE,4,NORMAL
Cust_1602,"TOM PRESCOTT",Chennai,"Tamil Nadu","SMALL BUSINESS",2,NORMAL
Cust_1603,"ALAN SCHOENBERGER",Chennai,"Tamil Nadu",CORPORATE,2,NORMAL
Cust_1604,"PATRICK BZOSTEK",Chennai,"Tamil Nadu",CONSUMER,3,NORMAL
Cust_1605,"TAMARA WILLINGHAM",Chennai,"Tamil Nadu",CORPORATE,3,FRAUD
Cust_1606,"DENNY ORDWAY",Chennai,"Tamil Nadu","SMALL BUSINESS",3,NORMAL
Cust_1607,"ROLAND FJELD",Chennai,"Tamil Nadu",CORPORATE,3,NORMAL
Cust_1608,"ELIZABETH MOFFITT",Chennai,"Tamil Nadu",CONSUMER,2,NORMAL
Cust_1610,"JULIA BARNETT",Chennai,"Tamil Nadu","HOME OFFICE",2,FRAUD
Cust_1612,"BRENDAN MURRY",Chennai,"Tamil Nadu",CORPORATE,4,NORMAL
Cust_1613,"JENNIFER PATT",Chennai,"Tamil Nadu","HOME OFFICE",5,NORMAL
Cust_1614,"JEREMY PISTEK",Chennai,"Tamil Nadu",CORPORATE,5,NORMAL
Cust_1615,"DAVID BREMER",Chennai,"Tamil Nadu",CORPORATE,3,NORMAL
Cust_1616,"NORA PAIGE",Chennai,"Tamil Nadu","SMALL BUSINESS",4,NORMAL
Cust_1617,"BOBBY TRAFTON",Chennai,"Tamil Nadu",CORPORATE,2,FRAUD
Cust_1618,"ALEJANDRO SAVELY",Chennai,"Tamil Nadu",CORPORATE,3,NORMAL
Cust_1619,"CHARLES CRESTANI",Chennai,"Tamil Nadu",CONSUMER,5,NORMAL
Cust_1622,"BERENIKE KAMPE",Chennai,"Tamil Nadu",CORPORATE,3,NORMAL
Cust_1623,"BOBBY ELIAS",Chennai,"Tamil Nadu","SMALL BUSINESS",3,NORMAL
Cust_1625,"DAMALA KOTSONIS",Chennai,"Tamil Nadu",CORPORATE,3,NORMAL
Cust_1626,"JILL MATTHIAS",Chennai,"Tamil Nadu",CONSUMER,5,NORMAL
Cust_1627,"TIM TASLIMI",Chennai,"Tamil Nadu",CORPORATE,3,NORMAL
Cust_1628,"COREY CATLETT",Chennai,"Tamil Nadu","HOME OFFICE",3,NORMAL
Cust_1629,"HAROLD DAHLEN",Chennai,"Tamil Nadu",CORPORATE,3,FRAUD
Cust_1630,"DAN CAMPBELL",Chennai,"Tamil Nadu","SMALL BUSINESS",3,FRAUD
Cust_1632,"MARK PACKER",Chennai,"Tamil Nadu","SMALL BUSINESS",2,NORMAL
Cust_1633,"JULIANA KROHN",Chennai,"Tamil Nadu",CORPORATE,4,FRAUD
Cust_1634,"BILL SHONELY",Chennai,"Tamil Nadu","SMALL BUSINESS",2,NORMAL
Cust_1635,"DEBRA CATINI",Chennai,"Tamil Nadu","SMALL BUSINESS",3,NORMAL
Cust_1636,"EMILY PHAN",Chennai,"Tamil Nadu",CONSUMER,2,NORMAL
Cust_1638,"TONY MOLINARI",Chennai,"Tamil Nadu",CORPORATE,2,NORMAL
Cust_1639,"RICK HUTHWAITE",Chennai,"Tamil Nadu",CORPORATE,2,NORMAL
Cust_164,"GUY ARMSTRONG",Cochin,Kerala,CORPORATE,5,NORMAL
Cust_1641,"AARON HAWKINS",Chennai,"Tamil Nadu","HOME OFFICE",2,NORMAL
Cust_1645,"PAUL VAN HUGH",Chennai,"Tamil Nadu",CONSUMER,3,NORMAL
Cust_1646,"CYRA REITEN",Chennai,"Tamil Nadu",CONSUMER,2,NORMAL
Cust_1647,"HELEN ANDREADA",Chennai,"Tamil Nadu",CORPORATE,4,NORMAL
Cust_1649,"KATHERINE DUCICH",Chennai,"Tamil Nadu",CORPORATE,2,NORMAL
Cust_1650,"THOMAS THORNTON",Chennai,"Tamil Nadu",CONSUMER,2,NORMAL
Cust_1652,"ALLEN ARMOLD",Chennai,"Tamil Nadu","HOME OFFICE",2,NORMAL
Cust_1654,"RAYMOND FAIR",Chennai,"Tamil Nadu","SMALL BUSINESS",3,NORMAL
Cust_1655,"TRACY HOPKINS",Chennai,"Tamil Nadu","SMALL BUSINESS",2,NORMAL
Cust_1659,"ALYSSA TATE",Chennai,"Tamil Nadu","SMALL BUSINESS",2,NORMAL
Cust_1660,"JULIA BARNETT",Chennai,"Tamil Nadu",CORPORATE,2,FRAUD
Cust_1669,"ART FOSTER",Chennai,"Tamil Nadu","HOME OFFICE",8,NORMAL
Cust_167,"CARLOS SOLTERO",Cochin,Kerala,"SMALL BUSINESS",2,FRAUD
Cust_1670,"EUGENE MOREN",Chennai,"Tamil Nadu","HOME OFFICE",7,NORMAL
Cust_1671,"CAROL DARLEY",Chennai,"Tamil Nadu","SMALL BUSINESS",4,FRAUD
Cust_1672,"MARIBETH DONA",Chennai,"Tamil Nadu","HOME OFFICE",3,NORMAL
Cust_1673,"FRED HARTON",Chennai,"Tamil Nadu","HOME OFFICE",9,NORMAL
Cust_1674,"ANDREW ALLEN",Chennai,"Tamil Nadu",CORPORATE,5,NORMAL
Cust_1675,"ART MILLER",Chennai,"Tamil Nadu",CORPORATE,8,NORMAL
Cust_1676,"SCOTT COHEN",Chennai,"Tamil Nadu",CONSUMER,3,NORMAL
Cust_1677,"LAUREN LEATHERBURY",Chennai,"Tamil Nadu",CORPORATE,6,FRAUD
Cust_1678,"GREG MATTHIAS",Chennai,"Tamil Nadu","HOME OFFICE",5,FRAUD
Cust_1679,"CYNTHIA DELANEY",Chennai,"Tamil Nadu",CORPORATE,5,NORMAL
Cust_168,"GREG GUTHRIE",Cochin,Kerala,CORPORATE,3,FRAUD
Cust_1680,"ANTHONY RAWLES",Chennai,"Tamil Nadu","SMALL BUSINESS",10,NORMAL
Cust_1681,"LAUREN LEATHERBURY",Chennai,"Tamil Nadu","HOME OFFICE",4,FRAUD
Cust_1682,"BARRY BLUMSTEIN",Chennai,"Tamil Nadu","SMALL BUSINESS",6,NORMAL
Cust_1683,"EVA JACOBS",Chennai,"Tamil Nadu","HOME OFFICE",7,NORMAL
Cust_1684,"CAROL DARLEY",Chennai,"Tamil Nadu","HOME OFFICE",2,FRAUD
Cust_1685,"DUANE NOONAN",Chennai,"Tamil Nadu",CORPORATE,4,NORMAL
Cust_1686,"GREG MATTHIAS",Chennai,"Tamil Nadu","SMALL BUSINESS",2,FRAUD
Cust_1687,"SANJIT JACOBS",Chennai,"Tamil Nadu",CONSUMER,2,NORMAL
Cust_1688,"KEN LONSDALE",Chennai,"Tamil Nadu",CONSUMER,3,NORMAL
Cust_1689,"CHRISTOPHER MARTINEZ",Chennai,"Tamil Nadu","HOME OFFICE",2,FRAUD
Cust_169,"CARLOS SOLTERO",Cochin,Kerala,CONSUMER,2,FRAUD
Cust_1690,"RICARDO BLOCK",Bangalore,Karnataka,CORPORATE,3,NORMAL
Cust_1691,"ROGER BARCIO",Bangalore,Karnataka,CORPORATE,3,NORMAL
Cust_1692,"SUNG PAK",Bangalore,Karnataka,"SMALL BUSINESS",8,NORMAL
Cust_1693,"TIM BROCKMAN",Bangalore,Karnataka,CONSUMER,7,NORMAL
Cust_1694,"VICTORIA PISTEKA",Bangalore,Karnataka,CORPORATE,2,NORMAL
Cust_1695,"SUNG CHUNG",Bangalore,Karnataka,"HOME OFFICE",3,NORMAL
Cust_1696,"RESI POLKING",Bangalore,Karnataka,"SMALL BUSINESS",9,NORMAL
Cust_1697,"ROGER DEMIR",Bangalore,Karnataka,CONSUMER,6,NORMAL
Cust_1698,"TAMARA MANNING",Bangalore,Karnataka,CORPORATE,7,NORMAL
Cust_1699,"SUE ANN REED",Bangalore,Karnataka,CONSUMER,2,NORMAL
Cust_170,"CHRISTOPHER SCHILD",Cochin,Kerala,CORPORATE,3,NORMAL
Cust_1700,"JOHN MURRAY",Bangalore,Karnataka,"SMALL BUSINESS",6,NORMAL
Cust_1701,"SHAUN CHANCE",Bangalore,Karnataka,CORPORATE,9,NORMAL
Cust_1702,"DARREN POWERS",Bangalore,Karnataka,CORPORATE,5,NORMAL
Cust_1703,"PENELOPE SEWALL",Bangalore,Karnataka,"HOME OFFICE",3,NORMAL
Cust_1704,"MIKE PELLETIER",Bangalore,Karnataka,CORPORATE,2,NORMAL
Cust_1705,"TOM PRESCOTT",Bangalore,Karnataka,"SMALL BUSINESS",4,NORMAL
Cust_1706,"SHARELLE ROACH",Bangalore,Karnataka,"HOME OFFICE",3,NORMAL
Cust_1707,"PAULINE WEBBER",Bangalore,Karnataka,CONSUMER,7,NORMAL
Cust_1708,"QUINCY JONES",Bangalore,Karnataka,"SMALL BUSINESS",4,FRAUD
Cust_1709,"LINDSAY CASTELL",Bangalore,Karnataka,"SMALL BUSINESS",2,FRAUD
Cust_1710,"ADAM BELLAVANCE",Bangalore,Karnataka,"SMALL BUSINESS",6,NORMAL
Cust_1711,"KEN DANA",Bangalore,Karnataka,CORPORATE,3,FRAUD
Cust_1712,"KEN DANA",Bangalore,Karnataka,"SMALL BUSINESS",5,FRAUD
Cust_1714,"LAUREL WORKMAN",Bangalore,Karnataka,"HOME OFFICE",4,NORMAL
Cust_1715,"LISA RYAN",Bangalore,Karnataka,"HOME OFFICE",3,NORMAL
Cust_1716,"MAX ENGLE",Bangalore,Karnataka,CORPORATE,3,NORMAL
Cust_1717,"HELEN WASSERMAN",Bangalore,Karnataka,"HOME OFFICE",3,NORMAL
Cust_1718,"JULIA DUNBAR",Bangalore,Karnataka,CONSUMER,3,NORMAL
Cust_1719,"CARL WEISS",Bangalore,Karnataka,CONSUMER,4,NORMAL
Cust_1720,"CHUCK CLARK",Bangalore,Karnataka,CORPORATE,7,NORMAL
Cust_1721,"DARREN KOUTRAS",Bangalore,Karnataka,CONSUMER,3,NORMAL
Cust_1722,"ROLAND MURRAY",Bangalore,Karnataka,"HOME OFFICE",3,NORMAL
Cust_1723,"DANIEL BYRD",Bangalore,Karnataka,"HOME OFFICE",5,NORMAL
Cust_1724,"BOBBY ODEGARD",Bangalore,Karnataka,CORPORATE,2,FRAUD
Cust_1725,"CHLORIS KASTENSMIDT",Bangalore,Karnataka,CONSUMER,2,NORMAL
Cust_1727,"ARTHUR GAINER",Bangalore,Karnataka,CONSUMER,2,NORMAL
Cust_1728,"LISA HAZARD",Bangalore,Karnataka,"HOME OFFICE",6,NORMAL
Cust_1729,"MITCH GASTINEAU",Bangalore,Karnataka,"SMALL BUSINESS",9,FRAUD
Cust_173,"BRIAN MOSS",Cochin,Kerala,CORPORATE,2,NORMAL
Cust_1730,"KATHARINE HARMS",Bangalore,Karnataka,CONSUMER,3,NORMAL
Cust_1731,"MATTHEW GRINSTEIN",Bangalore,Karnataka,"SMALL BUSINESS",10,NORMAL
Cust_1733,"LAUREN LEATHERBURY",Bangalore,Karnataka,CORPORATE,5,FRAUD
Cust_1734,"LAUREN LEATHERBURY",Bangalore,Karnataka,"HOME OFFICE",4,FRAUD
Cust_1736,"QUINCY JONES",Bangalore,Karnataka,CORPORATE,2,FRAUD
Cust_1738,"CARI MACINTYRE",Bangalore,Karnataka,CORPORATE,2,NORMAL
Cust_174,"LOGAN HAUSHALTER",Cochin,Kerala,CORPORATE,3,NORMAL
Cust_1740,"MARIA ZETTNER",Bangalore,Karnataka,CORPORATE,2,NORMAL
Cust_1741,"SONIA COOLEY",Bangalore,Karnataka,CORPORATE,5,NORMAL
Cust_1742,"SIBELLA PARKS",Bangalore,Karnataka,"SMALL BUSINESS",10,NORMAL
Cust_1744,"HAROLD DAHLEN",Bangalore,Karnataka,CORPORATE,3,FRAUD
Cust_1746,"BECKY PAK",Bangalore,Karnataka,CORPORATE,8,NORMAL
Cust_1748,"CLYTIE KELTY",Bangalore,Karnataka,"SMALL BUSINESS",3,NORMAL
Cust_1749,"ADAM SHILLINGSBURG",Bangalore,Karnataka,CORPORATE,10,NORMAL
Cust_1750,"BROOKE GILLINGHAM",Bangalore,Karnataka,"SMALL BUSINESS",6,NORMAL
Cust_1751,"TOM BOECKENHAUER",Bangalore,Karnataka,CORPORATE,7,NORMAL
Cust_1752,"ALEX RUSSELL",Bangalore,Karnataka,"HOME OFFICE",8,NORMAL
Cust_1753,"ALEJANDRO BALLENTINE",Bangalore,Karnataka,"SMALL BUSINESS",5,NORMAL
Cust_1754,"CLAIRE GOOD",Bangalore,Karnataka,"HOME OFFICE",6,NORMAL
Cust_1755,"TRUDY BELL",Bangalore,Karnataka,CONSUMER,5,NORMAL
Cust_1756,"ALYSSA CROUSE",Bangalore,Karnataka,CORPORATE,5,FRAUD
Cust_1757,"CASSANDRA BRANDOW",Bangalore,Karnataka,"HOME OFFICE",4,NORMAL
Cust_1758,"ADRIAN BARTON",Bangalore,Karnataka,"SMALL BUSINESS",2,NORMAL
Cust_1759,"CATHERINE GLOTZBACH",Bangalore,Karnataka,"HOME OFFICE",7,NORMAL
Cust_1760,"JENNA CAFFEY",Bangalore,Karnataka,CONSUMER,4,NORMAL
Cust_1762,"VALERIE TAKAHITO",Bangalore,Karnataka,CONSUMER,4,NORMAL
Cust_1764,"FRANK OLSEN",Bangalore,Karnataka,"SMALL BUSINESS",3,NORMAL
Cust_1765,"RICK WILSON",Bangalore,Karnataka,CORPORATE,2,FRAUD
Cust_1768,"KEN LONSDALE",Bangalore,Karnataka,CONSUMER,3,NORMAL
Cust_1769,"CARI SAYRE",Bangalore,Karnataka,CORPORATE,7,FRAUD
Cust_1770,"ALICE MCCARTHY",Bangalore,Karnataka,CORPORATE,7,NORMAL
Cust_1771,"FRANK MERWIN",Bangalore,Karnataka,CONSUMER,6,FRAUD
Cust_1772,"ANNIE THURMAN",Bangalore,Karnataka,CONSUMER,6,FRAUD
Cust_1773,"BRUCE MONEY",Bangalore,Karnataka,CORPORATE,3,NORMAL
Cust_1774,"KELLY WILLIAMS",Bangalore,Karnataka,CORPORATE,4,NORMAL
Cust_1775,"DANIEL LACY",Bangalore,Karnataka,"SMALL BUSINESS",2,NORMAL
Cust_1776,"ANNIE THURMAN",Bangalore,Karnataka,"HOME OFFICE",4,FRAUD
Cust_1777,"GEORGIA ROSENBERG",Bangalore,Karnataka,CONSUMER,3,NORMAL
Cust_1778,"CRAIG CARROLL",Bangalore,Karnataka,CORPORATE,3,FRAUD
Cust_1780,"CRAIG LESLIE",Bangalore,Karnataka,CONSUMER,3,NORMAL
Cust_1781,"EMILY GRADY",Bangalore,Karnataka,"HOME OFFICE",8,NORMAL
Cust_1782,"LARRY TRON",Bangalore,Karnataka,"HOME OFFICE",9,FRAUD
Cust_1783,"BRIAN DECHERNEY",Bangalore,Karnataka,CORPORATE,6,NORMAL
Cust_1784,"ANN STEELE",Bangalore,Karnataka,CORPORATE,7,NORMAL
Cust_1785,"CARI SAYRE",Bangalore,Karnataka,"HOME OFFICE",3,FRAUD
Cust_1786,"LARRY TRON",Bangalore,Karnataka,CORPORATE,2,FRAUD
Cust_1787,"HAROLD PAWLAN",Bangalore,Karnataka,"SMALL BUSINESS",3,NORMAL
Cust_1788,"FRANK MERWIN",Bangalore,Karnataka,CORPORATE,6,FRAUD
Cust_1790,"KATRINA EDELMAN",Bangalore,Karnataka,CORPORATE,2,NORMAL
Cust_1791,"GRACE KELLY",Bangalore,Karnataka,CONSUMER,3,NORMAL
Cust_1792,"FRANK GASTINEAU",Bangalore,Karnataka,"SMALL BUSINESS",2,NORMAL
Cust_1793,"RUBEN DARTT",Bangalore,Karnataka,CORPORATE,7,NORMAL
Cust_1794,"LIZ PELLETIER",Bangalore,Karnataka,CORPORATE,4,NORMAL
Cust_1795,"TONY SAYRE",Bangalore,Karnataka,"SMALL BUSINESS",7,FRAUD
Cust_1796,"ROY PHAN",Bangalore,Karnataka,CONSUMER,6,FRAUD
Cust_1797,"CLAY CHEATHAM",Bangalore,Karnataka,"SMALL BUSINESS",5,NORMAL
Cust_1798,"YOSEPH CARROLL",Bangalore,Karnataka,CONSUMER,7,NORMAL
Cust_1799,"RAYMOND BOOK",Bangalore,Karnataka,CONSUMER,11,NORMAL
Cust_1800,"ALAN DOMINGUEZ",Bangalore,Karnataka,CORPORATE,5,NORMAL
Cust_1801,"STEPHANIE PHELPS",Bangalore,Karnataka,CONSUMER,6,NORMAL
Cust_1803,"TONJA TURNELL",Bangalore,Karnataka,CONSUMER,11,NORMAL
Cust_1804,"BRENDAN SWEED",Bangalore,Karnataka,CONSUMER,6,NORMAL
Cust_1805,"TONY SAYRE",Bangalore,Karnataka,"HOME OFFICE",4,FRAUD
Cust_1806,"JIM KARLSSON",Bangalore,Karnataka,"SMALL BUSINESS",4,NORMAL
Cust_1807,"ROY PHAN",Bangalore,Karnataka,CORPORATE,6,FRAUD
Cust_1808,"STEVEN ROELLE",Bangalore,Karnataka,"SMALL BUSINESS",3,NORMAL
Cust_1810,"ANDREW ROBERTS",Bangalore,Karnataka,"HOME OFFICE",7,FRAUD
Cust_1811,"CYMA KINNEY",Bangalore,Karnataka,"SMALL BUSINESS",3,NORMAL
Cust_1812,"CHRISTINE ABELMAN",Bangalore,Karnataka,CORPORATE,7,NORMAL
Cust_1813,"ERICA SMITH",Bangalore,Karnataka,"SMALL BUSINESS",5,NORMAL
Cust_1814,"CHRISTOPHER CONANT",Bangalore,Karnataka,"HOME OFFICE",7,FRAUD
Cust_1815,"SARAH BROWN",Bangalore,Karnataka,CONSUMER,3,NORMAL
Cust_1817,"FRANK HAWLEY",Bangalore,Karnataka,"HOME OFFICE",5,NORMAL
Cust_1818,"AARON BERGMAN",Bangalore,Karnataka,CORPORATE,4,NORMAL
Cust_1819,"VICTORIA BRENNAN",Bangalore,Karnataka,"SMALL BUSINESS",8,NORMAL
Cust_182,"JACK LEBRON",Chennai,"Tamil Nadu",CORPORATE,2,NORMAL
Cust_1820,"ADRIAN SHAMI",Bangalore,Karnataka,CONSUMER,5,NORMAL
Cust_1821,"PHILLINA OBER",Bangalore,Karnataka,"SMALL BUSINESS",4,NORMAL
Cust_1824,"SHUI TOM",Bangalore,Karnataka,CONSUMER,3,FRAUD
Cust_1827,"JESSICA MYRICK",Bangalore,Karnataka,"SMALL BUSINESS",2,NORMAL
Cust_1829,"JASON FORTUNE",Bangalore,Karnataka,CORPORATE,2,NORMAL
Cust_1830,"HARRY GREENE",Bangalore,Karnataka,CORPORATE,3,NORMAL
Cust_1831,"GRANT DONATELLI",Bangalore,Karnataka,CONSUMER,2,NORMAL
Cust_1832,"MICK BROWN",Bangalore,Karnataka,CONSUMER,2,NORMAL
Cust_185,"JULIE CREIGHTON",Chennai,"Tamil Nadu",CORPORATE,5,NORMAL
Cust_186,"SANJIT CHAND",Chennai,"Tamil Nadu","HOME OFFICE",8,NORMAL
Cust_187,"MATT COLLINS",Chennai,"Tamil Nadu",CONSUMER,5,NORMAL
Cust_188,"JUSTIN KNIGHT",Chennai,"Tamil Nadu",CORPORATE,8,NORMAL
Cust_189,"ROB HABERLIN",Chennai,"Tamil Nadu",CORPORATE,8,FRAUD
Cust_190,"ROB HABERLIN",Chennai,"Tamil Nadu",CONSUMER,4,FRAUD
Cust_191,"CHRISTINA VANDERZANDEN",Chennai,"Tamil Nadu","SMALL BUSINESS",5,NORMAL
Cust_192,"LENA CACIOPPO",Chennai,"Tamil Nadu","HOME OFFICE",3,NORMAL
Cust_193,"KIMBERLY CARTER",Chennai,"Tamil Nadu","HOME OFFICE",5,FRAUD
Cust_194,"GENE HALE",Chennai,"Tamil Nadu",CONSUMER,5,NORMAL
Cust_195,"SALLY KNUTSON",Chennai,"Tamil Nadu",CONSUMER,7,FRAUD
Cust_196,"MARINA LICHTENSTEIN",Chennai,"Tamil Nadu",CORPORATE,4,NORMAL
Cust_197,"MICHELLE ARNETT",Chennai,"Tamil Nadu","HOME OFFICE",7,NORMAL
Cust_198,"SETH VERNON",Chennai,"Tamil Nadu","HOME OFFICE",6,NORMAL
Cust_199,"LUKE WEISS",Chennai,"Tamil Nadu",CORPORATE,7,NORMAL
Cust_200,"ANTHONY JOHNSON",Chennai,"Tamil Nadu","SMALL BUSINESS",4,NORMAL
Cust_202,"SALLY KNUTSON",Chennai,"Tamil Nadu",CORPORATE,6,FRAUD
Cust_203,"CHRISTINA DEMOSS",Chennai,"Tamil Nadu","HOME OFFICE",3,NORMAL
Cust_204,"MONICA FEDERLE",Chennai,"Tamil Nadu",CORPORATE,2,NORMAL
Cust_205,"JOY SMITH",Chennai,"Tamil Nadu",CONSUMER,2,NORMAL
Cust_206,"SONIA SUNLEY",Chennai,"Tamil Nadu","SMALL BUSINESS",8,FRAUD
Cust_207,"ANTHONY O'DONNELL",Chennai,"Tamil Nadu",CONSUMER,5,FRAUD
Cust_208,"EMILY GRADY",Chennai,"Tamil Nadu","HOME OFFICE",4,NORMAL
Cust_209,"ALEX AVILA",Chennai,"Tamil Nadu","HOME OFFICE",8,FRAUD
Cust_211,"ANNA ANDREADI",Chennai,"Tamil Nadu","SMALL BUSINESS",7,NORMAL
Cust_212,"BARBARA FISHER",Chennai,"Tamil Nadu","SMALL BUSINESS",8,NORMAL
Cust_213,"KELLY WILLIAMS",Chennai,"Tamil Nadu",CORPORATE,6,NORMAL
Cust_214,"SONIA SUNLEY",Chennai,"Tamil Nadu",CORPORATE,8,FRAUD
Cust_217,"ANGELE HOOD",Chennai,"Tamil Nadu",CONSUMER,3,NORMAL
Cust_218,"DENNIS BOLTON",Chennai,"Tamil Nadu",CONSUMER,3,FRAUD
Cust_219,"STEWART CARMICHAEL",Chennai,"Tamil Nadu",CORPORATE,2,NORMAL
Cust_221,"SARAH FOSTER",Chennai,"Tamil Nadu",CORPORATE,3,NORMAL
Cust_222,"JIM KARLSSON",Chennai,"Tamil Nadu","SMALL BUSINESS",2,NORMAL
Cust_223,"LISA DECHERNEY",Chennai,"Tamil Nadu",CORPORATE,4,NORMAL
Cust_224,"ROY SKARIA",Chennai,"Tamil Nadu",CORPORATE,6,NORMAL
Cust_225,"DENNIS BOLTON",Chennai,"Tamil Nadu","SMALL BUSINESS",4,FRAUD
Cust_226,"PETER BUHLER",Chennai,"Tamil Nadu",CONSUMER,2,NORMAL
Cust_227,"ANTHONY O'DONNELL",Chennai,"Tamil Nadu",CORPORATE,3,FRAUD
Cust_229,"GIULIETTA WEIMER",Chennai,"Tamil Nadu",CORPORATE,4,FRAUD
Cust_230,"MIKE VITTORINI",Chennai,"Tamil Nadu","SMALL BUSINESS",7,NORMAL
Cust_231,"LELA DONOVAN",Chennai,"Tamil Nadu",CORPORATE,9,NORMAL
Cust_232,"SHAHID SHARIARI",Chennai,"Tamil Nadu",CORPORATE,9,FRAUD
Cust_233,"TRUDY SCHMIDT",Chennai,"Tamil Nadu","SMALL BUSINESS",4,NORMAL
Cust_234,"CHRISTOPHER MARTINEZ",Chennai,"Tamil Nadu","SMALL BUSINESS",8,FRAUD
Cust_235,"MARC HARRIGAN",Chennai,"Tamil Nadu","HOME OFFICE",2,NORMAL
Cust_237,"RALPH KENNEDY",Chennai,"Tamil Nadu",CORPORATE,11,NORMAL
Cust_238,"ROB DOWD",Chennai,"Tamil Nadu",CORPORATE,8,NORMAL
Cust_239,"KHLOE MILLER",Chennai,"Tamil Nadu","HOME OFFICE",5,FRAUD
Cust_24,"NICOLE HANSEN",Kolkata,"West Bengal","SMALL BUSINESS",3,NORMAL
Cust_240,"SHAHID HOPKINS",Chennai,"Tamil Nadu","SMALL BUSINESS",6,NORMAL
Cust_241,"KRISTINA NUNN",Chennai,"Tamil Nadu",CONSUMER,4,NORMAL
Cust_242,"RICARDO EMERSON",Chennai,"Tamil Nadu",CORPORATE,3,NORMAL
Cust_243,"PATRICK O'BRILL",Chennai,"Tamil Nadu","HOME OFFICE",4,NORMAL
Cust_244,"THOMAS BRUMLEY",Chennai,"Tamil Nadu",CONSUMER,3,NORMAL
Cust_245,"VICKY FREYMANN",Chennai,"Tamil Nadu","HOME OFFICE",5,NORMAL
Cust_246,"KHLOE MILLER",Chennai,"Tamil Nadu",CORPORATE,4,FRAUD
Cust_247,"TONY CHAPMAN",Chennai,"Tamil Nadu",CONSUMER,3,NORMAL
Cust_248,"LIZ PRICE",Chennai,"Tamil Nadu",CORPORATE,4,FRAUD
Cust_249,"SARAH BERN",Chennai,"Tamil Nadu",CORPORATE,2,NORMAL
Cust_25,"DOROTHY WARDLE",Kolkata,"West Bengal",CORPORATE,2,NORMAL
Cust_250,"MARK COUSINS",Chennai,"Tamil Nadu","HOME OFFICE",7,FRAUD
Cust_251,"MARK COUSINS",Chennai,"Tamil Nadu",CORPORATE,5,FRAUD
Cust_254,"LENA HERNANDEZ",Chennai,"Tamil Nadu","HOME OFFICE",3,NORMAL
Cust_255,"GREG MAXWELL",Chennai,"Tamil Nadu","HOME OFFICE",2,NORMAL
Cust_256,"GIULIETTA WEIMER",Chennai,"Tamil Nadu","HOME OFFICE",3,FRAUD
Cust_257,"JUSTIN HIRSH",Chennai,"Tamil Nadu",CONSUMER,5,NORMAL
Cust_258,"SHAHID SHARIARI",Chennai,"Tamil Nadu",CONSUMER,4,FRAUD
Cust_261,"HEATHER JAS",Chennai,"Tamil Nadu",CORPORATE,2,NORMAL
Cust_264,"CATHY ARMSTRONG",Chennai,"Tamil Nadu",CONSUMER,6,NORMAL
Cust_265,"NEIL KNUDSON",Chennai,"Tamil Nadu",CORPORATE,2,FRAUD
Cust_266,"CHUCK CLARK",Chennai,"Tamil Nadu",CORPORATE,2,NORMAL
Cust_268,"BILL EPLETT",Chennai,"Tamil Nadu",CORPORATE,4,NORMAL
Cust_275,"SARAH BERN",Delhi,Delhi,CORPORATE,3,NORMAL
Cust_276,"JUSTIN HIRSH",Delhi,Delhi,CONSUMER,5,NORMAL
Cust_277,"LIZ PRICE",Delhi,Delhi,CONSUMER,3,FRAUD
Cust_282,"KRISTINA NUNN",Delhi,Delhi,CONSUMER,3,NORMAL
Cust_283,"CHUCK CLARK",Delhi,Delhi,CORPORATE,2,NORMAL
Cust_289,"PATRICK O'BRILL",Delhi,Delhi,"HOME OFFICE",3,NORMAL
Cust_295,"PAUL MACINTYRE",Delhi,Delhi,CORPORATE,2,NORMAL
Cust_3,"CLAY ROZENDAL",Kolkata,"West Bengal",CORPORATE,2,NORMAL
Cust_300,"SARAH JORDON",Delhi,Delhi,CONSUMER,3,NORMAL
Cust_302,"SALLY MATTHIAS",Delhi,Delhi,"HOME OFFICE",5,FRAUD
Cust_303,"THEONE PIPPENGER",Delhi,Delhi,CORPORATE,2,NORMAL
Cust_304,"ART FERGUSON",Delhi,Delhi,CORPORATE,5,NORMAL
Cust_307,"MICHAEL GRANLUND",Delhi,Delhi,CORPORATE,3,FRAUD
Cust_308,"STEVE CARROLL",Delhi,Delhi,CONSUMER,2,NORMAL
Cust_311,"SEAN WENDT",Delhi,Delhi,CORPORATE,3,NORMAL
Cust_314,"DAVID PHILIPPE",Delhi,Delhi,CONSUMER,3,NORMAL
Cust_315,"CHAD SIEVERT",Delhi,Delhi,CORPORATE,4,NORMAL
Cust_316,"MATT ABELMAN",Delhi,Delhi,"HOME OFFICE",2,FRAUD
Cust_319,"MICHAEL GRANLUND",Delhi,Delhi,"HOME OFFICE",2,FRAUD
Cust_322,"BRAD NORVELL",Delhi,Delhi,CORPORATE,2,NORMAL
Cust_323,"KEN HEIDEL",Delhi,Delhi,CORPORATE,2,NORMAL
Cust_326,"CHARLES SHELDON",Delhi,Delhi,CORPORATE,2,NORMAL
Cust_327,"MIKE KENNEDY",Delhi,Delhi,CORPORATE,2,FRAUD
Cust_33,"SKYE NORLING",Kolkata,"West Bengal","HOME OFFICE",2,NORMAL
Cust_330,"ROLAND BLACK",Delhi,Delhi,"SMALL BUSINESS",3,NORMAL
Cust_334,"SEAN WENDT",Chennai,"Tamil Nadu",CORPORATE,4,NORMAL
Cust_335,"MIKE KENNEDY",Chennai,"Tamil Nadu",CORPORATE,2,FRAUD
Cust_336,"MATT ABELMAN",Chennai,"Tamil Nadu","HOME OFFICE",5,FRAUD
Cust_338,"STEVE CARROLL",Chennai,"Tamil Nadu",CONSUMER,2,NORMAL
Cust_339,"JOHN CASTELL",Chennai,"Tamil Nadu",CONSUMER,2,FRAUD
Cust_34,"BARRY WEIRICH",Kolkata,"West Bengal",CORPORATE,2,NORMAL
Cust_340,"NEIL DUCICH",Chennai,"Tamil Nadu","HOME OFFICE",2,NORMAL
Cust_343,"KEN HEIDEL",Chennai,"Tamil Nadu",CORPORATE,2,NORMAL
Cust_346,"BART WATTERS",Chennai,"Tamil Nadu",CORPORATE,2,NORMAL
Cust_348,"NATHAN CANO",Chennai,"Tamil Nadu",CONSUMER,3,NORMAL
Cust_35,"GRANT CARROLL",Kolkata,"West Bengal",CORPORATE,2,FRAUD
Cust_353,"HUNTER LOPEZ",Chennai,"Tamil Nadu",CONSUMER,2,NORMAL
Cust_360,"MIKE KENNEDY",Cochin,Kerala,CORPORATE,3,FRAUD
Cust_361,"MARK COUSINS",Cochin,Kerala,CORPORATE,2,FRAUD
Cust_362,"ROLAND BLACK",Cochin,Kerala,"SMALL BUSINESS",2,NORMAL
Cust_363,"BART WATTERS",Cochin,Kerala,CORPORATE,3,NORMAL
Cust_365,"PARHENA NORRIS",Cochin,Kerala,"HOME OFFICE",3,NORMAL
Cust_366,"THEONE PIPPENGER",Cochin,Kerala,CORPORATE,4,NORMAL
Cust_368,"DANA KAYDOS",Cochin,Kerala,CORPORATE,3,NORMAL
Cust_370,"NATHAN MAUTZ",Cochin,Kerala,CORPORATE,2,FRAUD
Cust_373,"SHAUN WEIEN",Cochin,Kerala,"HOME OFFICE",2,NORMAL
Cust_374,"MARY O'ROURKE",Cochin,Kerala,"HOME OFFICE",2,NORMAL
Cust_376,"BRAD NORVELL",Cochin,Kerala,CORPORATE,2,NORMAL
Cust_382,"MICHAEL GRANLUND",Cochin,Kerala,"HOME OFFICE",2,NORMAL
Cust_384,"ART FERGUSON",Cochin,Kerala,CORPORATE,2,NORMAL
Cust_39,"BETH PAIGE",Kolkata,"West Bengal",CONSUMER,2,NORMAL
Cust_391,"MEG O'CONNEL",Cochin,Kerala,CORPORATE,5,NORMAL
Cust_393,"LIZ THOMPSON",Cochin,Kerala,CORPORATE,2,NORMAL
Cust_395,"HELEN ANDREADA",Cochin,Kerala,CORPORATE,4,NORMAL
Cust_396,"JULIA DUNBAR",Cochin,Kerala,CONSUMER,2,NORMAL
Cust_397,"CHRISTINE SUNDARESAM",Cochin,Kerala,"SMALL BUSINESS",5,NORMAL
Cust_398,"BRUCE STEWART",Cochin,Kerala,CORPORATE,3,NORMAL
Cust_4,"CARLOS SOLTERO",Kolkata,"West Bengal",CONSUMER,3,NORMAL
Cust_400,"MARY ZEWE",Cochin,Kerala,CORPORATE,2,NORMAL
Cust_401,"KEN LONSDALE",Cochin,Kerala,CONSUMER,4,NORMAL
Cust_402,"MARIA BERTELSON",Cochin,Kerala,"HOME OFFICE",4,FRAUD
Cust_404,"HALLIE REDMOND",Cochin,Kerala,"SMALL BUSINESS",2,FRAUD
Cust_406,"KATRINA BAVINGER",Cochin,Kerala,CONSUMER,2,NORMAL
Cust_41,"BETH PAIGE",Mumbai,Maharashtra,CONSUMER,3,NORMAL
Cust_410,"LIZ THOMPSON",Mysore,Karnataka,CORPORATE,2,NORMAL
Cust_411,"MARIA BERTELSON",Mysore,Karnataka,"HOME OFFICE",8,FRAUD
Cust_412,"GUY THORNTON",Mysore,Karnataka,CORPORATE,6,NORMAL
Cust_413,"BRUCE STEWART",Mysore,Karnataka,CORPORATE,2,NORMAL
Cust_414,"BRIAN THOMPSON",Mysore,Karnataka,"HOME OFFICE",2,NORMAL
Cust_416,"CHRISTINA VANDERZANDEN",Mysore,Karnataka,"SMALL BUSINESS",6,NORMAL
Cust_417,"JOSEPH AIRDO",Mysore,Karnataka,CONSUMER,6,FRAUD
Cust_418,"KEN LONSDALE",Mysore,Karnataka,CONSUMER,2,NORMAL
Cust_419,"ROBERT WALDORF",Mysore,Karnataka,"HOME OFFICE",3,NORMAL
Cust_42,"SYLVIA FOULSTON",Mumbai,Maharashtra,CORPORATE,9,NORMAL
Cust_420,"KATRINA BAVINGER",Mysore,Karnataka,CONSUMER,2,FRAUD
Cust_421,"MEG O'CONNEL",Mysore,Karnataka,"SMALL BUSINESS",5,FRAUD
Cust_422,"CHRISTINE SUNDARESAM",Mysore,Karnataka,"SMALL BUSINESS",4,NORMAL
Cust_424,"LYCORIS SAUNDERS",Mysore,Karnataka,CORPORATE,2,FRAUD
Cust_427,"JANET MOLINARI",Mysore,Karnataka,CORPORATE,3,NORMAL
Cust_428,"JULIE PRESCOTT",Mysore,Karnataka,"HOME OFFICE",6,NORMAL
Cust_429,"MARIA BERTELSON",Mysore,Karnataka,CORPORATE,2,FRAUD
Cust_43,"BRYAN DAVIS",Mumbai,Maharashtra,CORPORATE,3,NORMAL
Cust_431,"MEG O'CONNEL",Mysore,Karnataka,CORPORATE,3,FRAUD
Cust_433,"IVAN GIBSON",Mysore,Karnataka,CORPORATE,2,NORMAL
Cust_437,"CRAIG CARROLL",Mysore,Karnataka,CORPORATE,2,FRAUD
Cust_438,"LIZ MACKENDRICK",Mysore,Karnataka,CORPORATE,3,NORMAL
Cust_439,"CHRISTINE KARGATIS",Mysore,Karnataka,"SMALL BUSINESS",2,NORMAL
Cust_44,"JOY BELL",Mumbai,Maharashtra,"HOME OFFICE",5,NORMAL
Cust_440,"BOBBY ODEGARD",Mysore,Karnataka,CORPORATE,4,FRAUD
Cust_442,"RUSSELL APPLEGATE",Mysore,Karnataka,"HOME OFFICE",3,FRAUD
Cust_443,"BILL DONATELLI",Mysore,Karnataka,"SMALL BUSINESS",3,FRAUD
Cust_444,"BILL DONATELLI",Mysore,Karnataka,CORPORATE,11,FRAUD
Cust_445,"DUANE BENOIT",Mysore,Karnataka,"HOME OFFICE",8,NORMAL
Cust_447,"RUSSELL APPLEGATE",Mysore,Karnataka,"SMALL BUSINESS",2,FRAUD
Cust_448,"JOEL JENKINS",Mysore,Karnataka,CORPORATE,3,NORMAL
Cust_449,"BRAD EASON",Mysore,Karnataka,"SMALL BUSINESS",3,NORMAL
Cust_45,"ALAN BARNES",Mumbai,Maharashtra,CORPORATE,9,NORMAL
Cust_451,"HAROLD PAWLAN",Mysore,Karnataka,"SMALL BUSINESS",5,NORMAL
Cust_452,"ADAM BELLAVANCE",Mysore,Karnataka,"SMALL BUSINESS",2,NORMAL
Cust_454,"LISA DECHERNEY",Mysore,Karnataka,CORPORATE,3,FRAUD
Cust_456,"SEAN O'DONNELL",Mysore,Karnataka,CORPORATE,10,NORMAL
Cust_458,"SANDRA GLASSCO",Mysore,Karnataka,"HOME OFFICE",9,NORMAL
Cust_459,"SKYE NORLING",Mysore,Karnataka,"HOME OFFICE",3,NORMAL
Cust_46,"GRANT CARROLL",Mumbai,Maharashtra,CORPORATE,4,FRAUD
Cust_462,"RICK WILSON",Mysore,Karnataka,CORPORATE,2,FRAUD
Cust_464,"PAULINE CHAND",Mysore,Karnataka,CORPORATE,10,FRAUD
Cust_465,"JENNIFER HALLADAY",Mysore,Karnataka,"HOME OFFICE",5,NORMAL
Cust_466,"RITSA HIGHTOWER",Mysore,Karnataka,CORPORATE,8,NORMAL
Cust_467,"JONI BLUMSTEIN",Mysore,Karnataka,"HOME OFFICE",9,FRAUD
Cust_468,"PETE ARMSTRONG",Mysore,Karnataka,CONSUMER,5,NORMAL
Cust_469,"PAULINE CHAND",Mysore,Karnataka,"SMALL BUSINESS",4,FRAUD
Cust_47,"DELFINA LATCHFORD",Mumbai,Maharashtra,"SMALL BUSINESS",5,NORMAL
Cust_470,"ANNA GAYMAN",Mysore,Karnataka,CORPORATE,3,NORMAL
Cust_471,"JONI BLUMSTEIN",Mysore,Karnataka,CONSUMER,5,FRAUD
Cust_472,"NAT GILPIN",Mysore,Karnataka,CONSUMER,7,NORMAL
Cust_473,"ROSE O'BRIAN",Mysore,Karnataka,"HOME OFFICE",4,NORMAL
Cust_475,"DANIEL RAGLIN",Mysore,Karnataka,CORPORATE,3,NORMAL
Cust_476,"CORINNA MITCHELL",Mysore,Karnataka,CORPORATE,2,NORMAL
Cust_477,"EVA JACOBS",Mysore,Karnataka,"HOME OFFICE",2,NORMAL
Cust_478,"JAS O'CARROLL",Mysore,Karnataka,CORPORATE,7,FRAUD
Cust_479,"JAS O'CARROLL",Mysore,Karnataka,"HOME OFFICE",3,FRAUD
Cust_48,"DON JONES",Mumbai,Maharashtra,CORPORATE,5,NORMAL
Cust_480,"PAUL PROST",Mysore,Karnataka,CORPORATE,5,NORMAL
Cust_481,"PHILIP BROWN",Mysore,Karnataka,"HOME OFFICE",5,FRAUD
Cust_482,"MICHAEL NGUYEN",Mysore,Karnataka,"SMALL BUSINESS",3,NORMAL
Cust_483,"PHILIP BROWN",Mysore,Karnataka,CORPORATE,5,FRAUD
Cust_484,"LISA DECHERNEY",Mysore,Karnataka,CONSUMER,3,FRAUD
Cust_485,"PAUL MACINTYRE",Mysore,Karnataka,CORPORATE,4,NORMAL
Cust_486,"TAMARA DAHLEN",Mysore,Karnataka,CORPORATE,7,NORMAL
Cust_487,"ERIN CREIGHTON",Mysore,Karnataka,CORPORATE,9,NORMAL
Cust_488,"HENRY MACALLISTER",Mysore,Karnataka,"SMALL BUSINESS",3,NORMAL
Cust_489,"CANDACE MCMAHON",Mysore,Karnataka,CORPORATE,8,NORMAL
Cust_49,"DOUG BICKFORD",Mumbai,Maharashtra,CORPORATE,9,FRAUD
Cust_490,"TAMARA CHAND",Mysore,Karnataka,CONSUMER,5,NORMAL
Cust_491,"DUANE HUFFMAN",Mysore,Karnataka,"SMALL BUSINESS",5,FRAUD
Cust_492,"EDWARD NAZZAL",Mysore,Karnataka,"HOME OFFICE",13,FRAUD
Cust_493,"KELLY LAMPKIN",Mysore,Karnataka,CORPORATE,4,FRAUD
Cust_494,"ANTHONY WITT",Mysore,Karnataka,CORPORATE,3,NORMAL
Cust_495,"TED TREVINO",Mysore,Karnataka,CORPORATE,5,NORMAL
Cust_496,"ED LUDWIG",Mysore,Karnataka,CONSUMER,7,NORMAL
Cust_497,"JEREMY ELLISON",Mysore,Karnataka,"SMALL BUSINESS",3,NORMAL
Cust_498,"ALAN HWANG",Mysore,Karnataka,CORPORATE,10,FRAUD
Cust_499,"KELLY LAMPKIN",Mysore,Karnataka,"HOME OFFICE",3,FRAUD
Cust_50,"JAMIE KUNITZ",Mumbai,Maharashtra,CORPORATE,6,NORMAL
Cust_500,"EILEEN KIEFER",Mysore,Karnataka,CONSUMER,5,NORMAL
Cust_501,"JAMES LANIER",Mysore,Karnataka,CORPORATE,8,NORMAL
Cust_502,"EDWARD BECKER",Mysore,Karnataka,CORPORATE,7,FRAUD
Cust_503,"GARY ZANDUSKY",Mysore,Karnataka,"HOME OFFICE",7,NORMAL
Cust_505,"ERIN SMITH",Mysore,Karnataka,"HOME OFFICE",4,NORMAL
Cust_506,"ALLEN GOLDEN",Mysore,Karnataka,CONSUMER,4,NORMAL
Cust_507,"FRANK CARLISLE",Mysore,Karnataka,"SMALL BUSINESS",3,NORMAL
Cust_508,"GARY HANSEN",Mysore,Karnataka,CONSUMER,3,NORMAL
Cust_509,"NANCY LOMONACO",Mysore,Karnataka,"HOME OFFICE",6,NORMAL
Cust_51,"ANTHONY JOHNSON",Mumbai,Maharashtra,"SMALL BUSINESS",3,NORMAL
Cust_510,"ANNA HABERLIN",Mysore,Karnataka,CORPORATE,4,NORMAL
Cust_511,"ERIN ASHBROOK",Mysore,Karnataka,CONSUMER,7,NORMAL
Cust_512,"DARREN BUDD",Mysore,Karnataka,CONSUMER,9,FRAUD
Cust_513,"BILL STEWART",Mysore,Karnataka,CORPORATE,4,NORMAL
Cust_514,"CHRISTINE PHAN",Mysore,Karnataka,"SMALL BUSINESS",4,NORMAL
Cust_515,"ALAN HWANG",Mysore,Karnataka,"SMALL BUSINESS",5,FRAUD
Cust_516,"DARREN BUDD",Mysore,Karnataka,CORPORATE,7,FRAUD
Cust_517,"EUGENE HILDEBRAND",Mysore,Karnataka,"HOME OFFICE",6,NORMAL
Cust_518,"EDWARD BECKER",Mysore,Karnataka,"HOME OFFICE",6,FRAUD
Cust_519,"MELANIE PAGE",Mysore,Karnataka,CORPORATE,5,NORMAL
Cust_52,"RALPH KNIGHT",Mumbai,Maharashtra,CONSUMER,6,NORMAL
Cust_520,"JESUS OCAMPO",Mysore,Karnataka,"SMALL BUSINESS",4,NORMAL
Cust_521,"DARREN POWERS",Mysore,Karnataka,CORPORATE,4,NORMAL
Cust_522,"PATRICK BZOSTEK",Mysore,Karnataka,CONSUMER,2,NORMAL
Cust_523,"DARREN BUDD",Mysore,Karnataka,"HOME OFFICE",4,FRAUD
Cust_525,"DAN LAWERA",Mysore,Karnataka,CORPORATE,6,NORMAL
Cust_526,"GEORGE ASHBROOK",Mysore,Karnataka,"SMALL BUSINESS",4,FRAUD
Cust_527,"DAVE HALLSTEN",Mysore,Karnataka,"HOME OFFICE",7,FRAUD
Cust_528,"ARTHUR WIEDIGER",Mysore,Karnataka,CORPORATE,3,NORMAL
Cust_529,"DUANE HUFFMAN",Mysore,Karnataka,CONSUMER,8,FRAUD
Cust_53,"ALLEN ROSENBLATT",Mumbai,Maharashtra,"SMALL BUSINESS",5,NORMAL
Cust_530,"JIM MITCHUM",Mysore,Karnataka,CONSUMER,5,NORMAL
Cust_531,"ANDY YOTOV",Mysore,Karnataka,CORPORATE,2,NORMAL
Cust_532,"FRANK HAWLEY",Mysore,Karnataka,"HOME OFFICE",3,NORMAL
Cust_533,"THERESA COYNE",Mysore,Karnataka,"HOME OFFICE",3,NORMAL
Cust_534,"IVAN LISTON",Mysore,Karnataka,CONSUMER,3,NORMAL
Cust_535,"DAVID SMITH",Mysore,Karnataka,"SMALL BUSINESS",4,NORMAL
Cust_536,"NARESJ PATEL",Mysore,Karnataka,"SMALL BUSINESS",5,FRAUD
Cust_537,"RUBEN AUSMAN",Mysore,Karnataka,CORPORATE,4,NORMAL
Cust_538,"ROY FRENCH",Mysore,Karnataka,CONSUMER,2,NORMAL
Cust_539,"LARRY HUGHES",Mysore,Karnataka,"HOME OFFICE",3,NORMAL
Cust_540,"MAGDELENE MORSE",Mysore,Karnataka,"HOME OFFICE",8,NORMAL
Cust_541,"GEORGE ASHBROOK",Mysore,Karnataka,CONSUMER,6,FRAUD
Cust_542,"JONATHAN HOWELL",Mysore,Karnataka,CONSUMER,5,NORMAL
Cust_543,"LINDA CAZAMIAS",Mysore,Karnataka,CORPORATE,2,NORMAL
Cust_544,"NAT CARROLL",Mysore,Karnataka,"HOME OFFICE",7,NORMAL
Cust_545,"GARY MITCHUM",Mysore,Karnataka,CONSUMER,3,NORMAL
Cust_546,"MATT HAGELSTEIN",Mysore,Karnataka,"HOME OFFICE",3,NORMAL
Cust_547,"ANDY REITER",Mysore,Karnataka,CORPORATE,2,NORMAL
Cust_548,"MIKE CAUDLE",Mysore,Karnataka,CORPORATE,4,NORMAL
Cust_549,"CYNTHIA ARNTZEN",Mysore,Karnataka,"HOME OFFICE",3,FRAUD
Cust_55,"CARL JACKSON",Mumbai,Maharashtra,"HOME OFFICE",3,NORMAL
Cust_550,"EDWARD NAZZAL",Mysore,Karnataka,"SMALL BUSINESS",3,FRAUD
Cust_551,"CYNTHIA ARNTZEN",Mysore,Karnataka,"SMALL BUSINESS",5,FRAUD
Cust_552,"NOAH CHILDS",Mysore,Karnataka,"HOME OFFICE",3,NORMAL
Cust_553,"BRIAN STUGART",Mysore,Karnataka,CONSUMER,5,FRAUD
Cust_554,"GEORGE BELL",Mysore,Karnataka,CORPORATE,5,NORMAL
Cust_555,"NARESJ PATEL",Mysore,Karnataka,CORPORATE,3,FRAUD
Cust_556,"JONI SUNDARESAM",Mysore,Karnataka,"HOME OFFICE",3,NORMAL
Cust_557,"DAVE HALLSTEN",Mysore,Karnataka,CORPORATE,2,FRAUD
Cust_558,"MICHELLE HUTHWAITE",Mysore,Karnataka,"HOME OFFICE",2,NORMAL
Cust_559,"DAVID PHILIPPE",Mysore,Karnataka,CONSUMER,6,NORMAL
Cust_56,"BRENDAN DODSON",Mumbai,Maharashtra,CORPORATE,5,NORMAL
Cust_560,"AMY COX",Mysore,Karnataka,CORPORATE,2,FRAUD
Cust_561,"CARI MACINTYRE",Mysore,Karnataka,CORPORATE,7,NORMAL
Cust_562,"EUDOKIA MARTIN",Mysore,Karnataka,"HOME OFFICE",4,NORMAL
Cust_563,"FRED HOPKINS",Mysore,Karnataka,"HOME OFFICE",2,NORMAL
Cust_564,"AMY COX",Mysore,Karnataka,"SMALL BUSINESS",7,FRAUD
Cust_565,"AIMEE BIXBY",Mysore,Karnataka,"HOME OFFICE",2,NORMAL
Cust_566,"ANEMONE RATNER",Mysore,Karnataka,"SMALL BUSINESS",3,NORMAL
Cust_567,"CHRIS SELESNICK",Mysore,Karnataka,"HOME OFFICE",5,NORMAL
Cust_568,"NOEL STAAVOS",Mysore,Karnataka,"HOME OFFICE",5,NORMAL
Cust_569,"DEAN BRADEN",Mysore,Karnataka,CORPORATE,2,NORMAL
Cust_57,"EDWARD HOOKS",Mumbai,Maharashtra,CONSUMER,3,NORMAL
Cust_570,"LENA CREIGHTON",Mysore,Karnataka,CORPORATE,6,FRAUD
Cust_571,"MATT COLLISTER",Mysore,Karnataka,"HOME OFFICE",2,NORMAL
Cust_572,"LENA CREIGHTON",Mysore,Karnataka,"HOME OFFICE",9,FRAUD
Cust_573,"ERICA SMITH",Mysore,Karnataka,"SMALL BUSINESS",2,NORMAL
Cust_576,"MICHAEL DOMINGUEZ",Mysore,Karnataka,"HOME OFFICE",16,NORMAL
Cust_577,"THOMAS BOLAND",Mysore,Karnataka,CORPORATE,7,NORMAL
Cust_578,"OLVERA TOCH",Mysore,Karnataka,"HOME OFFICE",7,NORMAL
Cust_579,"LENA RADFORD",Mysore,Karnataka,"SMALL BUSINESS",7,NORMAL
Cust_58,"MICHELLE LONSDALE",Mumbai,Maharashtra,"HOME OFFICE",4,FRAUD
Cust_580,"SEAN CHRISTENSEN",Mysore,Karnataka,"HOME OFFICE",6,NORMAL
Cust_582,"TODD BOYES",Mysore,Karnataka,"SMALL BUSINESS",8,FRAUD
Cust_583,"SEAN MILLER",Mysore,Karnataka,"SMALL BUSINESS",6,NORMAL
Cust_584,"PHILLIP BREYER",Mysore,Karnataka,CORPORATE,3,NORMAL
Cust_585,"MICHELLE ELLISON",Mysore,Karnataka,"SMALL BUSINESS",5,FRAUD
Cust_586,"MICHELLE ELLISON",Mysore,Karnataka,CONSUMER,6,FRAUD
Cust_587,"SCOT CORAM",Mysore,Karnataka,CORPORATE,6,NORMAL
Cust_588,"NATALIE FRITZLER",Mysore,Karnataka,"HOME OFFICE",2,NORMAL
Cust_589,"NATHAN GELDER",Mysore,Karnataka,"HOME OFFICE",5,NORMAL
Cust_59,"HUNTER GLANTZ",Mumbai,Maharashtra,CORPORATE,2,NORMAL
Cust_590,"PATRICIA HIRASAKI",Mysore,Karnataka,"HOME OFFICE",3,NORMAL
Cust_591,"MARIA ZETTNER",Mysore,Karnataka,CORPORATE,5,NORMAL
Cust_593,"PATRICK O'DONNELL",Mysore,Karnataka,"HOME OFFICE",8,NORMAL
Cust_594,"HARRY MARIE",Mysore,Karnataka,CONSUMER,4,NORMAL
Cust_595,"VICTORIA WILSON",Mysore,Karnataka,"HOME OFFICE",8,NORMAL
Cust_596,"SHAHID COLLISTER",Mysore,Karnataka,"HOME OFFICE",2,NORMAL
Cust_60,"EUGENE BARCHAS",Mumbai,Maharashtra,"HOME OFFICE",3,FRAUD
Cust_604,"CARLOS MEADOR",Patna,Bihar,CORPORATE,2,NORMAL
Cust_607,"KARL BROWN",Patna,Bihar,"HOME OFFICE",2,FRAUD
Cust_61,"JIM RADFORD",Mumbai,Maharashtra,CORPORATE,5,NORMAL
Cust_611,"BARRY FRANZ",Patna,Bihar,CORPORATE,3,NORMAL
Cust_617,"BOBBY TRAFTON",Patna,Bihar,"SMALL BUSINESS",2,NORMAL
Cust_618,"DAVID FLASHING",Patna,Bihar,"HOME OFFICE",2,NORMAL
Cust_619,"RICK DUSTON",Patna,Bihar,CORPORATE,3,NORMAL
Cust_62,"CARLOS SOLTERO",Mumbai,Maharashtra,"SMALL BUSINESS",4,FRAUD
Cust_621,"NORA PAIGE",Patna,Bihar,"SMALL BUSINESS",2,NORMAL
Cust_622,"AMY COX",Patna,Bihar,"SMALL BUSINESS",2,NORMAL
Cust_629,"ASTREA JONES",Patna,Bihar,CORPORATE,3,NORMAL
Cust_63,"GRANT CARROLL",Mumbai,Maharashtra,"SMALL BUSINESS",5,FRAUD
Cust_632,"DAMALA KOTSONIS",Patna,Bihar,CORPORATE,2,NORMAL
Cust_635,"CHRISTY BRITTAIN",Patna,Bihar,CONSUMER,3,NORMAL
Cust_640,"CYNTHIA VOLTZ",Patna,Bihar,CORPORATE,2,NORMAL
Cust_645,"COREY ROPER",Patna,Bihar,"SMALL BUSINESS",2,NORMAL
Cust_647,"MUHAMMED YEDWAB",Patna,Bihar,CONSUMER,2,NORMAL
Cust_65,"MUHAMMED MACINTYRE",Mumbai,Maharashtra,"SMALL BUSINESS",6,NORMAL
Cust_657,"ELPIDA RITTENBACH",Delhi,Delhi,CONSUMER,4,NORMAL
Cust_658,"DAVID WIENER",Delhi,Delhi,CONSUMER,4,NORMAL
Cust_659,"PETER MCVEE",Delhi,Delhi,"SMALL BUSINESS",2,NORMAL
Cust_66,"DOUG BICKFORD",Mumbai,Maharashtra,"SMALL BUSINESS",4,FRAUD
Cust_661,"STEFANIA PERRINO",Delhi,Delhi,CORPORATE,3,NORMAL
Cust_662,"JAY FINE",Delhi,Delhi,CONSUMER,2,NORMAL
Cust_663,"PAUL LUCAS",Delhi,Delhi,CORPORATE,2,NORMAL
Cust_665,"GEORGE ZREBASSA",Delhi,Delhi,"HOME OFFICE",3,FRAUD
Cust_666,"KARL BROWN",Delhi,Delhi,CORPORATE,3,FRAUD
Cust_667,"EVAN HENRY",Delhi,Delhi,CORPORATE,2,NORMAL
Cust_668,"KEITH HERRERA",Delhi,Delhi,"SMALL BUSINESS",2,NORMAL
Cust_669,"ALYSSA TATE",Delhi,Delhi,"SMALL BUSINESS",3,NORMAL
Cust_67,"BETH THOMPSON",Mumbai,Maharashtra,CORPORATE,9,NORMAL
Cust_674,"DAMALA KOTSONIS",Delhi,Delhi,CORPORATE,3,NORMAL
Cust_677,"KATHERINE MURRAY",Delhi,Delhi,"HOME OFFICE",2,NORMAL
Cust_678,"HUNTER LOPEZ",Delhi,Delhi,CONSUMER,3,NORMAL
Cust_679,"ERIC BARRETO",Delhi,Delhi,"SMALL BUSINESS",2,FRAUD
Cust_68,"DOROTHY BADDERS",Mumbai,Maharashtra,"HOME OFFICE",3,NORMAL
Cust_680,"BARRY FRANZ",Delhi,Delhi,CORPORATE,3,NORMAL
Cust_681,"FRED MCMATH",Delhi,Delhi,"SMALL BUSINESS",4,NORMAL
Cust_682,"BERENIKE KAMPE",Delhi,Delhi,CORPORATE,2,NORMAL
Cust_683,"DEAN PERCER",Delhi,Delhi,"HOME OFFICE",2,NORMAL
Cust_684,"MUHAMMED LEE",Delhi,Delhi,CONSUMER,2,NORMAL
Cust_685,"NOEL STAAVOS",Delhi,Delhi,"HOME OFFICE",7,NORMAL
Cust_686,"BOBBY TRAFTON",Delhi,Delhi,"SMALL BUSINESS",4,FRAUD
Cust_687,"RICK DUSTON",Delhi,Delhi,CORPORATE,2,NORMAL
Cust_689,"ERICA HERNANDEZ",Delhi,Delhi,"SMALL BUSINESS",2,NORMAL
Cust_690,"TONY MOLINARI",Delhi,Delhi,CORPORATE,2,NORMAL
Cust_693,"DAVID FLASHING",Delhi,Delhi,"HOME OFFICE",2,FRAUD
Cust_695,"DEANRA ENO",Delhi,Delhi,CORPORATE,3,NORMAL
Cust_696,"CHUCK SACHS",Delhi,Delhi,CONSUMER,7,NORMAL
Cust_697,"CHRIS CORTES",Delhi,Delhi,CONSUMER,2,NORMAL
Cust_698,"RAYMOND FAIR",Delhi,Delhi,"SMALL BUSINESS",2,NORMAL
Cust_70,"BRAD EASON",Mumbai,Maharashtra,"SMALL BUSINESS",3,NORMAL
Cust_700,"MARK PACKER",Delhi,Delhi,"SMALL BUSINESS",4,NORMAL
Cust_701,"ANN BLUME",Delhi,Delhi,"SMALL BUSINESS",4,FRAUD
Cust_702,"ALAN SHONELY",Delhi,Delhi,"SMALL BUSINESS",2,NORMAL
Cust_703,"NORA PAIGE",Delhi,Delhi,"SMALL BUSINESS",2,FRAUD
Cust_704,"FRANK ATKINSON",Delhi,Delhi,CORPORATE,3,NORMAL
Cust_705,"KATRINA WILLMAN",Delhi,Delhi,CONSUMER,2,NORMAL
Cust_706,"JANET MARTIN",Delhi,Delhi,CORPORATE,3,NORMAL
Cust_707,"ANTHONY GARVERICK",Delhi,Delhi,"SMALL BUSINESS",2,NORMAL
Cust_71,"THOMAS SEIO",Mumbai,Maharashtra,"HOME OFFICE",3,NORMAL
Cust_710,"CARLOS MEADOR",Delhi,Delhi,CORPORATE,5,NORMAL
Cust_711,"DAVE POIRIER",Delhi,Delhi,"SMALL BUSINESS",3,NORMAL
Cust_712,"CHRISTY BRITTAIN",Delhi,Delhi,CONSUMER,3,NORMAL
Cust_713,"TROY STAEBEL",Delhi,Delhi,"SMALL BUSINESS",3,NORMAL
Cust_715,"MARK HABERLIN",Delhi,Delhi,"SMALL BUSINESS",3,NORMAL
Cust_717,"BRAD THOMAS",Delhi,Delhi,CORPORATE,2,FRAUD
Cust_718,"ELENI MCCRARY",Delhi,Delhi,CORPORATE,3,FRAUD
Cust_72,"MONICA FEDERLE",Mumbai,Maharashtra,CORPORATE,4,NORMAL
Cust_720,"PAUL KNUTSON",Delhi,Delhi,CORPORATE,2,NORMAL
Cust_721,"EMILY BURNS",Delhi,Delhi,"HOME OFFICE",2,NORMAL
Cust_722,"MAUREEN GASTINEAU",Delhi,Delhi,CONSUMER,2,NORMAL
Cust_723,"ALEX GRAYSON",Delhi,Delhi,CONSUMER,5,NORMAL
Cust_725,"DEBORAH BRUMFIELD",Delhi,Delhi,"SMALL BUSINESS",2,FRAUD
Cust_726,"DIANNA ARNETT",Delhi,Delhi,"HOME OFFICE",2,NORMAL
Cust_728,"SARA LUXEMBURG",Delhi,Delhi,"SMALL BUSINESS",3,FRAUD
Cust_729,"ROBERT BARROSO",Delhi,Delhi,"SMALL BUSINESS",2,NORMAL
Cust_73,"FRANK PRICE",Mumbai,Maharashtra,CORPORATE,3,NORMAL
Cust_733,"MICHAEL KENNEDY",Delhi,Delhi,CORPORATE,2,NORMAL
Cust_736,"JONI WASSERMAN",Delhi,Delhi,CONSUMER,2,NORMAL
Cust_740,"BRADLEY TALBOTT",Delhi,Delhi,"SMALL BUSINESS",3,FRAUD
Cust_745,"LIZ WILLINGHAM",Delhi,Delhi,"HOME OFFICE",2,NORMAL
Cust_746,"CRAIG YEDWAB",Delhi,Delhi,CORPORATE,2,FRAUD
Cust_748,"BEN PETERMAN",Delhi,Delhi,CORPORATE,2,NORMAL
Cust_749,"DENISE LEINENBACH",Delhi,Delhi,"HOME OFFICE",3,FRAUD
Cust_75,"NICOLE HANSEN",Mumbai,Maharashtra,"SMALL BUSINESS",4,FRAUD
Cust_750,"BILL TYLER",Delhi,Delhi,CONSUMER,2,NORMAL
Cust_752,"DEBRA CATINI",Delhi,Delhi,"SMALL BUSINESS",2,NORMAL
Cust_754,"BECKY MARTIN",Delhi,Delhi,"HOME OFFICE",2,NORMAL
Cust_755,"ERIC BARRETO",Delhi,Delhi,CONSUMER,2,FRAUD
Cust_756,"ASTREA JONES",Delhi,Delhi,CORPORATE,2,NORMAL
Cust_758,"BENJAMIN VENIER",Delhi,Delhi,"SMALL BUSINESS",2,NORMAL
Cust_76,"CARLOS SOLTERO",Mumbai,Maharashtra,CONSUMER,2,FRAUD
Cust_761,"BILL SHONELY",Delhi,Delhi,"SMALL BUSINESS",3,NORMAL
Cust_763,"PIERRE WENER",Delhi,Delhi,"HOME OFFICE",2,NORMAL
Cust_765,"MICHAEL PAIGE",Delhi,Delhi,"SMALL BUSINESS",2,NORMAL
Cust_768,"DAN CAMPBELL",Delhi,Delhi,"SMALL BUSINESS",2,FRAUD
Cust_77,"DON MILLER",Mumbai,Maharashtra,"HOME OFFICE",5,NORMAL
Cust_78,"BECKY CASTELL",Mumbai,Maharashtra,CONSUMER,3,NORMAL
Cust_780,"MICHELLE TRAN",Pune,Maharashtra,CONSUMER,5,FRAUD
Cust_781,"DAVE HALLSTEN",Pune,Maharashtra,CORPORATE,2,FRAUD
Cust_782,"SANJIT JACOBS",Pune,Maharashtra,CONSUMER,6,NORMAL
Cust_783,"BARRY GONZALEZ",Pune,Maharashtra,CONSUMER,9,FRAUD
Cust_785,"VIVIAN MATHIS",Pune,Maharashtra,"HOME OFFICE",7,FRAUD
Cust_786,"CAROL ADAMS",Pune,Maharashtra,CORPORATE,4,NORMAL
Cust_787,"VIVEK GONZALEZ",Pune,Maharashtra,CONSUMER,5,NORMAL
Cust_788,"BRADLEY NGUYEN",Pune,Maharashtra,CONSUMER,4,FRAUD
Cust_789,"MATT COLLISTER",Pune,Maharashtra,"HOME OFFICE",7,NORMAL
Cust_79,"DOROTHY WARDLE",Mumbai,Maharashtra,CORPORATE,7,NORMAL
Cust_790,"VIVIAN MATHIS",Pune,Maharashtra,CONSUMER,3,FRAUD
Cust_791,"MICHELLE TRAN",Pune,Maharashtra,CORPORATE,4,FRAUD
Cust_792,"PETE TAKAHITO",Pune,Maharashtra,CORPORATE,2,NORMAL
Cust_793,"RALPH ARNETT",Pune,Maharashtra,CONSUMER,6,NORMAL
Cust_794,"JASON KLAMCZYNSKI",Pune,Maharashtra,"SMALL BUSINESS",5,FRAUD
Cust_796,"GREG TRAN",Pune,Maharashtra,"HOME OFFICE",5,NORMAL
Cust_798,"HELEN WASSERMAN",Pune,Maharashtra,"HOME OFFICE",8,FRAUD
Cust_799,"HELEN WASSERMAN",Pune,Maharashtra,CORPORATE,3,FRAUD
Cust_8,"NEOLA SCHNEIDER",Kolkata,"West Bengal","HOME OFFICE",2,NORMAL
Cust_80,"ANN CHONG",Mumbai,Maharashtra,CORPORATE,2,NORMAL
Cust_800,"ROSS DEVINCENTIS",Pune,Maharashtra,CORPORATE,2,NORMAL
Cust_801,"JASON KLAMCZYNSKI",Pune,Maharashtra,"HOME OFFICE",2,FRAUD
Cust_802,"VALERIE MITCHUM",Pune,Maharashtra,"HOME OFFICE",4,NORMAL
Cust_805,"BARRY GONZALEZ",Pune,Maharashtra,"SMALL BUSINESS",6,FRAUD
Cust_807,"CHAD MCGUIRE",Pune,Maharashtra,"SMALL BUSINESS",4,NORMAL
Cust_808,"SCOTT COHEN",Pune,Maharashtra,CONSUMER,3,NORMAL
Cust_81,"CLAY ROZENDAL",Mumbai,Maharashtra,CORPORATE,2,NORMAL
Cust_810,"VIVEK SUNDARESAM",Pune,Maharashtra,"HOME OFFICE",8,NORMAL
Cust_812,"MICHELLE HUTHWAITE",Pune,Maharashtra,"HOME OFFICE",5,NORMAL
Cust_813,"CYNTHIA DELANEY",Pune,Maharashtra,CORPORATE,2,FRAUD
Cust_814,"TOM STIVERS",Pune,Maharashtra,CORPORATE,4,FRAUD
Cust_816,"GARY MCGARR",Pune,Maharashtra,"HOME OFFICE",3,NORMAL
Cust_818,"TOM STIVERS",Pune,Maharashtra,"SMALL BUSINESS",5,FRAUD
Cust_82,"CARLOS DALY",Mumbai,Maharashtra,"HOME OFFICE",4,FRAUD
Cust_821,"LIZ WILLINGHAM",Pune,Maharashtra,"HOME OFFICE",2,FRAUD
Cust_826,"CARLOS MEADOR",Pune,Maharashtra,CORPORATE,3,FRAUD
Cust_827,"DOUG JACOBS",Pune,Maharashtra,"HOME OFFICE",3,NORMAL
Cust_828,"BECKY MARTIN",Pune,Maharashtra,"HOME OFFICE",2,NORMAL
Cust_829,"SPEROS GORANITIS",Pune,Maharashtra,CORPORATE,3,NORMAL
Cust_83,"CARI SCHNELLING",Mumbai,Maharashtra,"HOME OFFICE",4,FRAUD
Cust_830,"KATHERINE MURRAY",Pune,Maharashtra,"HOME OFFICE",3,NORMAL
Cust_831,"MICHAEL PAIGE",Pune,Maharashtra,"SMALL BUSINESS",3,NORMAL
Cust_836,"PAUL KNUTSON",Pune,Maharashtra,CORPORATE,6,NORMAL
Cust_838,"NOEL STAAVOS",Pune,Maharashtra,"HOME OFFICE",5,NORMAL
Cust_839,"AARON HAWKINS",Pune,Maharashtra,"HOME OFFICE",3,NORMAL
Cust_84,"CHAD CUNNINGHAM",Mumbai,Maharashtra,"SMALL BUSINESS",3,NORMAL
Cust_840,"ELLIS BALLARD",Pune,Maharashtra,CORPORATE,5,NORMAL
Cust_841,"TOM PRESCOTT",Pune,Maharashtra,"SMALL BUSINESS",3,NORMAL
Cust_842,"DIANNA ARNETT",Pune,Maharashtra,"HOME OFFICE",2,NORMAL
Cust_843,"CHUCK SACHS",Pune,Maharashtra,CONSUMER,4,NORMAL
Cust_844,"BILL SHONELY",Pune,Maharashtra,"SMALL BUSINESS",2,NORMAL
Cust_845,"ERIC BARRETO",Pune,Maharashtra,CONSUMER,2,FRAUD
Cust_846,"DAVE POIRIER",Pune,Maharashtra,"SMALL BUSINESS",4,NORMAL
Cust_848,"ELIZABETH MOFFITT",Pune,Maharashtra,CONSUMER,3,NORMAL
Cust_849,"BEN PETERMAN",Pune,Maharashtra,CORPORATE,3,NORMAL
Cust_85,"BRYAN MILLS",Mumbai,Maharashtra,"SMALL BUSINESS",5,FRAUD
Cust_850,"BRAD THOMAS",Pune,Maharashtra,"HOME OFFICE",2,FRAUD
Cust_851,"YANA SORENSEN",Pune,Maharashtra,CORPORATE,2,NORMAL
Cust_852,"JANET MARTIN",Pune,Maharashtra,CORPORATE,3,NORMAL
Cust_853,"DEBRA CATINI",Pune,Maharashtra,"SMALL BUSINESS",4,NORMAL
Cust_855,"SYLVIA FOULSTON",Pune,Maharashtra,CORPORATE,2,FRAUD
Cust_856,"ALEX GRAYSON",Pune,Maharashtra,CONSUMER,5,NORMAL
Cust_858,"ANTHONY GARVERICK",Pune,Maharashtra,"SMALL BUSINESS",2,NORMAL
Cust_859,"ASTREA JONES",Pune,Maharashtra,CORPORATE,3,NORMAL
Cust_863,"JULIE KRIZ",Pune,Maharashtra,CORPORATE,2,NORMAL
Cust_864,"ERICA HERNANDEZ",Pune,Maharashtra,"SMALL BUSINESS",5,NORMAL
Cust_865,"BOBBY ELIAS",Pune,Maharashtra,"SMALL BUSINESS",3,NORMAL
Cust_866,"JONI WASSERMAN",Pune,Maharashtra,CONSUMER,3,NORMAL
Cust_868,"DIANNA WILSON",Pune,Maharashtra,"SMALL BUSINESS",2,NORMAL
Cust_870,"KARL BROWN",Pune,Maharashtra,"HOME OFFICE",2,FRAUD
Cust_872,"EVAN HENRY",Pune,Maharashtra,CORPORATE,3,NORMAL
Cust_873,"BILL TYLER",Pune,Maharashtra,CONSUMER,2,NORMAL
Cust_875,"MICHAEL STEWART",Pune,Maharashtra,"SMALL BUSINESS",2,NORMAL
Cust_877,"MICHAEL KENNEDY",Pune,Maharashtra,CORPORATE,2,NORMAL
Cust_878,"ALAN SHONELY",Pune,Maharashtra,"SMALL BUSINESS",2,NORMAL
Cust_88,"HEATHER KIRKLAND",Mumbai,Maharashtra,"HOME OFFICE",4,NORMAL
Cust_880,"FRED MCMATH",Pune,Maharashtra,"SMALL BUSINESS",6,NORMAL
Cust_884,"PIERRE WENER",Pune,Maharashtra,"HOME OFFICE",4,NORMAL
Cust_886,"BENJAMIN VENIER",Pune,Maharashtra,"SMALL BUSINESS",2,NORMAL
Cust_887,"HAROLD DAHLEN",Pune,Maharashtra,CORPORATE,2,NORMAL
Cust_889,"TROY STAEBEL",Pune,Maharashtra,"SMALL BUSINESS",3,NORMAL
Cust_89,"FRED WASSERMAN",Mumbai,Maharashtra,"HOME OFFICE",6,NORMAL
Cust_890,"TRACY PODDAR",Pune,Maharashtra,CORPORATE,3,NORMAL
Cust_893,"RICK DUSTON",Pune,Maharashtra,CORPORATE,3,NORMAL
Cust_899,"GIULIETTA DORTCH",Pune,Maharashtra,CONSUMER,2,FRAUD
Cust_90,"CLAUDIA MINER",Mumbai,Maharashtra,"SMALL BUSINESS",5,NORMAL
Cust_903,"DARRIN SAYRE",Pune,Maharashtra,CONSUMER,2,NORMAL
Cust_904,"DEANRA ENO",Pune,Maharashtra,CORPORATE,3,NORMAL
Cust_906,"MARK PACKER",Pune,Maharashtra,"SMALL BUSINESS",2,NORMAL
Cust_908,"BART FOLK",Pune,Maharashtra,CORPORATE,2,NORMAL
Cust_91,"JACK LEBRON",Mumbai,Maharashtra,CORPORATE,2,NORMAL
Cust_911,"SARA LUXEMBURG",Pune,Maharashtra,"SMALL BUSINESS",2,NORMAL
Cust_919,"KAREN FERGUSON",Pune,Maharashtra,"HOME OFFICE",4,FRAUD
Cust_92,"JULIA WEST",Mumbai,Maharashtra,"HOME OFFICE",3,FRAUD
Cust_924,"JULIA BARNETT",Pune,Maharashtra,CORPORATE,2,NORMAL
Cust_925,"ANNE PRYOR",Pune,Maharashtra,CONSUMER,5,FRAUD
Cust_926,"JUSTIN HIRSH",Pune,Maharashtra,CONSUMER,2,NORMAL
Cust_927,"DORRIS LOVE",Pune,Maharashtra,"HOME OFFICE",6,FRAUD
Cust_928,"BILL EPLETT",Pune,Maharashtra,CORPORATE,9,NORMAL
Cust_929,"CAROLINE JUMPER",Pune,Maharashtra,CORPORATE,9,NORMAL
Cust_93,"EUGENE BARCHAS",Mumbai,Maharashtra,CORPORATE,3,FRAUD
Cust_930,"PAMELA STOBB",Pune,Maharashtra,CONSUMER,5,NORMAL
Cust_931,"AARON SMAYLING",Pune,Maharashtra,"SMALL BUSINESS",7,NORMAL
Cust_932,"JASPER CACIOPPO",Pune,Maharashtra,"HOME OFFICE",7,NORMAL
Cust_933,"ALAN HAINES",Pune,Maharashtra,CONSUMER,7,FRAUD
Cust_934,"LOGAN HAUSHALTER",Pune,Maharashtra,CORPORATE,9,NORMAL
Cust_936,"DEIRDRE GREER",Pune,Maharashtra,"HOME OFFICE",2,NORMAL
Cust_937,"JOHN STEVENSON",Pune,Maharashtra,"SMALL BUSINESS",4,NORMAL
Cust_938,"SHERI GORDON",Pune,Maharashtra,CORPORATE,5,NORMAL
Cust_939,"BEN WALLACE",Pune,Maharashtra,"HOME OFFICE",7,NORMAL
Cust_94,"CARL LUDWIG",Mumbai,Maharashtra,CORPORATE,3,NORMAL
Cust_940,"MAX ENGLE",Pune,Maharashtra,CORPORATE,3,NORMAL
Cust_941,"FRED CHUNG",Pune,Maharashtra,CORPORATE,5,NORMAL
Cust_942,"DENNIS KANE",Pune,Maharashtra,"SMALL BUSINESS",13,NORMAL
Cust_943,"PHILLIP FLATHMANN",Pune,Maharashtra,"SMALL BUSINESS",5,NORMAL
Cust_944,"MATHEW REESE",Pune,Maharashtra,"SMALL BUSINESS",9,NORMAL
Cust_945,"STUART VAN",Pune,Maharashtra,CONSUMER,5,NORMAL
Cust_946,"BRENDA BOWMAN",Pune,Maharashtra,"SMALL BUSINESS",5,FRAUD
Cust_947,"DANIEL LACY",Pune,Maharashtra,"SMALL BUSINESS",3,NORMAL
Cust_948,"JENNIFER FERGUSON",Pune,Maharashtra,CORPORATE,2,FRAUD
Cust_949,"THERESA SWINT",Pune,Maharashtra,CONSUMER,2,FRAUD
Cust_952,"STEWART VISINSKY",Pune,Maharashtra,CORPORATE,5,NORMAL
Cust_953,"JEREMY FARRY",Pune,Maharashtra,"SMALL BUSINESS",2,NORMAL
Cust_954,"CLAY LUDTKE",Pune,Maharashtra,CONSUMER,4,NORMAL
Cust_955,"LAUREL ELLISTON",Pune,Maharashtra,CORPORATE,3,FRAUD
Cust_957,"THERESA SWINT",Pune,Maharashtra,"SMALL BUSINESS",5,FRAUD
Cust_959,"MITCH WEBBER",Pune,Maharashtra,CORPORATE,5,NORMAL
Cust_96,"MIKE PELLETIER",Mumbai,Maharashtra,CORPORATE,3,FRAUD
Cust_960,"SHIRLEY SCHMIDT",Pune,Maharashtra,CORPORATE,3,NORMAL
Cust_961,"CAROL TRIGGS",Pune,Maharashtra,"HOME OFFICE",8,FRAUD
Cust_962,"JUSTIN MACKENDRICK",Pune,Maharashtra,CORPORATE,4,NORMAL
Cust_963,"JENNIFER FERGUSON",Pune,Maharashtra,"HOME OFFICE",4,FRAUD
Cust_964,"SARAH BROWN",Pune,Maharashtra,CONSUMER,4,NORMAL
Cust_965,"ANNE PRYOR",Pune,Maharashtra,"HOME OFFICE",6,FRAUD
Cust_966,"TONY SAYRE",Pune,Maharashtra,"SMALL BUSINESS",2,FRAUD
Cust_968,"DIONIS LLOYD",Pune,Maharashtra,"SMALL BUSINESS",7,NORMAL
Cust_97,"CHARLES MCCROSSIN",Mumbai,Maharashtra,CORPORATE,5,NORMAL
Cust_971,"MICHAEL CHEN",Pune,Maharashtra,CONSUMER,4,NORMAL
Cust_974,"DORRIS LOVE",Pune,Maharashtra,CORPORATE,4,FRAUD
Cust_976,"TOBY CARLISLE",Pune,Maharashtra,"HOME OFFICE",2,NORMAL
Cust_978,"NORA PRICE",Pune,Maharashtra,"HOME OFFICE",2,FRAUD
Cust_979,"LIZ WILLINGHAM",Pune,Maharashtra,CORPORATE,4,FRAUD
Cust_988,"SHIRLEY DANIELS",Pune,Maharashtra,CORPORATE,2,NORMAL
Cust_99,"MICHELLE LONSDALE",Mumbai,Maharashtra,CORPORATE,3,FRAUD
Cust_990,"TRACY PODDAR",Mysore,Karnataka,CORPORATE,5,NORMAL
Cust_991,"STUART CALHOUN",Mysore,Karnataka,CONSUMER,6,NORMAL
Cust_992,"ARTHUR PRICHEP",Mysore,Karnataka,"HOME OFFICE",9,FRAUD
Cust_993,"KEAN NGUYEN",Mysore,Karnataka,CORPORATE,3,FRAUD
Cust_994,"JIM KRIZ",Mysore,Karnataka,CONSUMER,9,NORMAL
Cust_995,"HAROLD RYAN",Mysore,Karnataka,"HOME OFFICE",9,NORMAL
Cust_996,"JOHN LUCAS",Mysore,Karnataka,CORPORATE,5,FRAUD
Cust_997,"ALEJANDRO GROVE",Mysore,Karnataka,CORPORATE,6,FRAUD
Cust_998,"SAM ZELDIN",Mysore,Karnataka,"SMALL BUSINESS",4,NORMAL
Cust_999,"SALLY HUGHSBY",Mysore,Karnataka,CONSUMER,15,FRAUD
